filename,size_bytes,sha256,category,concerns,is_canonical,required
.gitattributes,1192,06c4b5a3a36dc30dd1dd9cf85434833bd853b4010dcab7965e2e24214a7c0e5d,other,NONE,NO,YES
.gitignore,2028,a8f2666c5e3ea0662cb3f83a53e189e0e248bfc18dc324318ff345cc39d09b5e,other,NONE,NO,YES
benchmark\protocol\01_HWIN_BENCH_PROTOCOL_v1.0.md,13733,29741951d48ecfbf91f91f0017b27adffe3a7354f883b8756cfbd63279b4dc03,documentation,ABSOLUTE_LOCAL_PATH,YES,YES
CHANGELOG.md,4492,dd0dbc6bd45aa05b9f51b32b8c4809107b0e91be40e464d54ca309022fef0cb4,documentation,NONE,NO,YES
CITATION.cff,2605,527b91e488d3019980056f3f2eacfdfc0a379258324c6e71e67f329f9f235252,citation,PLACEHOLDER,NO,YES
code\benchmark\run_full_benchmark_fixed.py,11761,289ac458288924507ee4af0741767cca4adcbd3f7300420792a34c23875c51d5,code,NONE,YES,YES
code\requirements\environment.yml,356,25577bc280be0019aefaddca3e1bffa8464ee299b21aa8c90b3e59863485f016,other,NONE,NO,YES
code\requirements\requirements.txt,518,8263ed351dded331ee1bc60c54670d12e4080921220935e65426578d14077021,documentation,NONE,NO,YES
code\validation\cbs_validator.py,14753,a51caf01b799cd3398c8e4eae880cffc15b938b9c31e183a2b4f0aa076e09877,code,NONE,NO,YES
data\manifests\DATASET_RELEASE_INVENTORY.csv,1825,cfefb28c8fdbb30fe9522e92a44878c8c5b5c604eea7bedb64d2a24bc66c85d1,data,NONE,NO,YES
data\manifests\DERIVED_DATA_AUDIT.csv,6554,497cc2c191c1ad7de9bde54ef94e172a83a5d6df000ed7a173756d2f25204bc8,data,ABSOLUTE_LOCAL_PATH,NO,YES
data\README.md,7473,ec3b316759c3a37dfb5231e61232489ad3eb9f0842a6e1a20f0d02a4c90fb63c,documentation,NONE,NO,YES
docs\DATA_DICTIONARY.md,10310,5ea3d0188543217cbab3cb6e963e611b3f13bec8e6b21853470039b53b80e114,documentation,NONE,NO,YES
docs\DATA_GUIDE.md,8732,733cde857c6910c4888d1fbea95df586d8600f8f45fa4c99966b827eca5e5b04,documentation,PLACEHOLDER,NO,YES
docs\DATA_PROVENANCE.md,18398,cc53b9c78d36f4e484f9f660b3c0ef5445412ff1395c7e5f41066c39a3dc390f,documentation,ABSOLUTE_LOCAL_PATH,NO,YES
docs\LIMITATIONS.md,8964,ae8d3b2f56f9b6382e6845d7a7b8e5653223b0ebf463ede59ae5556bd1183180,documentation,ABSOLUTE_LOCAL_PATH,NO,YES
docs\QUICKSTART.md,2768,87e5e7bf492bf47e94362788a6c260abf50f98f89c77afcbcd9acc3f518c7735,documentation,NONE,NO,YES
docs\REPRODUCIBILITY.md,7196,93060252e4c6edeb745b12c699008ab2b171113799c4bfc684594fd62db3f0b4,documentation,NONE,NO,YES
examples\quickstart\analyze_results.ipynb,6961,8218ce276b6a295c9b6cf37f5da776425b7bace46e7e9a5b6639a1232b8a08d5,notebook,NONE,NO,YES
examples\quickstart\download_wqp.py,5126,f5440faf7d00482303425d90ab4680677201cc916029d138e7ec22e8410008f5,code,NONE,NO,YES
GITHUB_RELEASE_READY.md,9997,3a8490871fe92dd08c0a22b150abbc33bef9691d4af1eaca76b92cb35ed5f7b1,documentation,POSSIBLE_CREDENTIAL,NO,YES
LICENSE,16777,895a5f9f94858478509a7fb442039eddb57fd6efe9efc6311775f838a06456f2,other,NONE,NO,YES
licenses\ATTRIBUTION.md,8339,c812e5c349d54c73e1459d1ab12501bd19cec064ad7dc980ded9423d788252bd,documentation,PLACEHOLDER,NO,YES
licenses\DATASET_LICENSE_AUDIT.csv,5735,da17704f36cdc4f61a1d7eaa4e872aa3e83ee0ed8abec9c7d2074d70e074a71f,data,NONE,NO,YES
ontology\canonical_variable_ontology.csv,18129,4997070dde1bf8b5ad8465821fd41d2405f8f3294a9afb71991b4a3568f8f470,data,NONE,YES,YES
ontology\unit_harmonization_rules.csv,5504,e8f1c4e231a62f813b682ebec13b7b7dd64c80a05bd76b3a40171b5adc5e12a8,data,NONE,YES,YES
ontology\variable_synonym_dictionary.csv,33007,6846aae4b3fc1891d5b3b6bbac37f75109e418339d98d62a6804b5d7973282cb,data,NONE,YES,YES
PUBLIC_RELEASE_MANIFEST.csv,14829,ed4a5adce646a04629b4db695c0683b4eee70de81d2cd9262b21a8f1e4e91092,data,PLACEHOLDER,NO,YES
PUBLIC_RELEASE_READINESS.md,5621,b5cb65d26f1f19814d72a276167ef06116e74241b0ccc2ab80a212b6daac2456,documentation,ABSOLUTE_LOCAL_PATH;POSSIBLE_CREDENTIAL,NO,YES
PUBLIC_RELEASE_VALIDATION.md,7093,1a4b7c1b7ba20194b629283f3d66357e2364ebb089abaee294ebd65930078cd9,documentation,ABSOLUTE_LOCAL_PATH;POSSIBLE_CREDENTIAL;PLACEHOLDER,NO,YES
README.md,11489,b136753ac5cff8bcecc7ac21328f62ac01bed4b71ec50972dd9daec8d63f0dd6,documentation,PLACEHOLDER,NO,YES
REDISTRIBUTION_DECISIONS.md,8635,353c8ac227676fad9351d79702f211f7713c9cc38de57a06585499b7928be697,documentation,NONE,NO,YES
