relative_path,size_bytes,sha256,category,required_for_release,canonical,historical,public_facing,generated,source_controlled
.gitattributes,1192,06c4b5a3a36dc30dd1dd9cf85434833bd853b4010dcab7965e2e24214a7c0e5d,OTHER,YES,YES,NO,YES,NO,YES
.gitignore,2028,a8f2666c5e3ea0662cb3f83a53e189e0e248bfc18dc324318ff345cc39d09b5e,OTHER,YES,YES,NO,YES,NO,YES
BENCHMARK_VARIABLE_DEFINITION_v1.0.md,12537,9f9e4f23a5507767abd07acea9bb823ad8b130a5af0eaa9258a624e6a6997f48,OTHER,YES,YES,NO,YES,NO,YES
BLOCKER_RESOLUTION_STATUS.md,6100,05deb4e83bab96bf9d42c0994937e60f4c2e46c31d28be1b61a2200340b4443c,OTHER,YES,YES,NO,YES,NO,YES
CHANGELOG.md,4492,dd0dbc6bd45aa05b9f51b32b8c4809107b0e91be40e464d54ca309022fef0cb4,OTHER,YES,YES,NO,YES,NO,YES
CHECKSUM_VERIFICATION.md,4332,7791de4b2ef11cce9733e45d90afd72adf36b207fd5dafbe48cea662b7d6d217,OTHER,YES,NO,NO,YES,NO,YES
CITATION.cff,2605,527b91e488d3019980056f3f2eacfdfc0a379258324c6e71e67f329f9f235252,OTHER,YES,YES,NO,YES,NO,YES
FINAL_PUBLIC_RELEASE_AUDIT.csv,3441,f31c110c7035b8451486232f1d0512499449ba6c42fbd4f7447ace3eef948cb8,OTHER,YES,NO,NO,YES,NO,YES
FINAL_PUBLIC_RELEASE_AUDIT.md,4539,c1408de640fcf76d7f7fd49829b9bb28079d639255846329d466662c0777ef70,OTHER,YES,NO,NO,YES,NO,YES
FINAL_PUBLIC_RELEASE_INVENTORY.csv,4132,3d6f2cd8e62b0ef7c0aa5edab08a93467e53d38fabc3d1301577f3c5780287d3,OTHER,YES,YES,NO,YES,NO,YES
FINAL_RELEASE_TARGET.md,1553,5af41c9cd0f79c11edd31dcf742fbfa9066f6f5c68895d08a082cba5ba0672d8,OTHER,YES,YES,NO,YES,NO,YES
GITHUB_RELEASE_READY.md,9997,3a8490871fe92dd08c0a22b150abbc33bef9691d4af1eaca76b92cb35ed5f7b1,OTHER,YES,YES,NO,YES,NO,YES
ISSUE_004_RESOLUTION_REPORT.md,6874,aa8fb7dd18c5122b81d2441f9f5ae0b3f94c969375c8be36b2620b340189e1a3,OTHER,YES,NO,NO,YES,NO,YES
LICENSE,17139,e4a9f0ac8f9b93c7a274d320dedca79f95db7c0ec50c6600bc43f0e44506e42b,OTHER,YES,YES,NO,YES,NO,YES
PUBLIC_RELEASE_MANIFEST.csv,14829,ed4a5adce646a04629b4db695c0683b4eee70de81d2cd9262b21a8f1e4e91092,OTHER,YES,YES,NO,YES,NO,YES
PUBLIC_RELEASE_READINESS.md,5621,b5cb65d26f1f19814d72a276167ef06116e74241b0ccc2ab80a212b6daac2456,OTHER,YES,YES,NO,YES,NO,YES
PUBLIC_RELEASE_VALIDATION.md,7093,1a4b7c1b7ba20194b629283f3d66357e2364ebb089abaee294ebd65930078cd9,OTHER,YES,YES,NO,YES,NO,YES
README.md,11913,789abe16b7e2183086535a71afda48ea8916953ed7e0f9a28758fc6e40477830,OTHER,YES,YES,NO,YES,NO,YES
REDISTRIBUTION_DECISIONS.md,8899,0a2724cfe39201d7cb22a4d02ebe2f2e55c4944b37a9778ff49eb8393c1f4464,OTHER,YES,YES,NO,YES,NO,YES
VARIABLE_ELIGIBILITY_FORENSIC.csv,10846,bd9f5caac4179cd6bfa9371e1eea8acb30e4110337cd4892ae2b5e96235a427b,OTHER,YES,YES,NO,YES,NO,YES
ZENODO_DOI_PENDING.md,2298,d0066649ff818c28922fedd91248cd5f9265267df01b23a25f5cbceb77d66d84,OTHER,YES,YES,NO,YES,NO,YES
data\README.md,7473,ec3b316759c3a37dfb5231e61232489ad3eb9f0842a6e1a20f0d02a4c90fb63c,DATA,YES,YES,NO,YES,NO,YES
docs\DATA_DICTIONARY.md,10562,68b82bf7e34a0507e2fcb75541c4659cc06e17db5dd0ab219dd59bdb0431fefc,DOCUMENTATION,YES,YES,NO,YES,NO,YES
docs\DATA_GUIDE.md,8971,3279c5bc6c0c3e985672e96c193ea8c0d6dbfce4679d391935e90ecce857a156,DOCUMENTATION,YES,YES,NO,YES,NO,YES
docs\DATA_PROVENANCE.md,18944,14f4256f01205136e8ffba5e39ae310978b44fd608e37fd2a3065f3bc14c747e,DOCUMENTATION,YES,YES,NO,YES,NO,YES
docs\LIMITATIONS.md,9270,4154fa1b93bede049ae7036eab7a9f182404adcd4dc3bb4460a5c6d813011f7d,DOCUMENTATION,YES,YES,NO,YES,NO,YES
docs\QUICKSTART.md,2877,acf41b8d090f0d89428d6bf64d7b0f7aa2b469b56b62fdffec30ef16fe5270a2,DOCUMENTATION,YES,YES,NO,YES,NO,YES
docs\REPRODUCIBILITY.md,7484,34cf5bb7cfe7baca269cfc5fcf920b44b537edae94e6aa541dab4f96f4f227b0,DOCUMENTATION,YES,YES,NO,YES,NO,YES
licenses\ATTRIBUTION.md,8564,d7fed26e484c575f56c285a37605f9d82980f9f4fc5816835bb0f78744505db6,LICENSES,YES,YES,NO,YES,NO,YES
licenses\DATASET_LICENSE_AUDIT.csv,5662,6cd7ce8cb429b446ef54fc7acfd03bc551371d52232ea17dbe80268c2bdc4bbf,LICENSES,YES,NO,NO,YES,NO,YES
ontology\canonical_variable_ontology.csv,18129,4997070dde1bf8b5ad8465821fd41d2405f8f3294a9afb71991b4a3568f8f470,ONTOLOGY,YES,YES,NO,YES,NO,YES
ontology\unit_harmonization_rules.csv,5504,e8f1c4e231a62f813b682ebec13b7b7dd64c80a05bd76b3a40171b5adc5e12a8,ONTOLOGY,YES,YES,NO,YES,NO,YES
ontology\variable_synonym_dictionary.csv,33007,6846aae4b3fc1891d5b3b6bbac37f75109e418339d98d62a6804b5d7973282cb,ONTOLOGY,YES,YES,NO,YES,NO,YES
paper\figures\fig5_benchmark_CORRECTED.pdf,48185,fda14ecc8aa5e3665c73c57fdb92310bb8c72af7e72f088f31d5b0de73222414,PUBLICATION,YES,YES,NO,YES,YES,YES
paper\figures\fig5_benchmark_CORRECTED.png,284712,1bd10bbaaa9b92ce53449820351ee81cfcf987697e6b6e9262d6798070e00e64,PUBLICATION,YES,YES,NO,YES,YES,YES
paper\figures\fig5_benchmark_CORRECTED.svg,130868,1c9586018a0063e1710cc62931dd579710ea44f3d5c9573c4fa62921ceec5ac4,PUBLICATION,YES,YES,NO,YES,YES,YES
paper\figures\fig7_missing_data_robustness.pdf,56431,c035b9e36b652f4a83acf126a1eedd1e8670855850140551d4f54012c967cfb4,PUBLICATION,YES,YES,NO,YES,NO,YES
paper\figures\fig7_missing_data_robustness.png,429556,849957f5c27af752b08a961a60d11e1ca907f1e76400d125c7ba361bc626a538,PUBLICATION,YES,YES,NO,YES,NO,YES
paper\figures\fig7_missing_data_robustness.svg,168650,38df711f18c390059544b7d34cb86958707f763ef20dc386e9508b7a78b1b804,PUBLICATION,YES,YES,NO,YES,NO,YES
examples\quickstart\analyze_results.ipynb,6961,8218ce276b6a295c9b6cf37f5da776425b7bace46e7e9a5b6639a1232b8a08d5,EXAMPLES,YES,YES,NO,YES,NO,YES
examples\quickstart\download_wqp.py,5126,f5440faf7d00482303425d90ab4680677201cc916029d138e7ec22e8410008f5,EXAMPLES,YES,YES,NO,YES,NO,YES
data\manifests\checksums.sha256,6258,996b01a351a9d437b1cbbc74eb6f788de0609fae33feefc022c131bd4c1e1615,DATA,YES,YES,NO,YES,NO,YES
data\manifests\DATASET_RELEASE_INVENTORY.csv,1825,cfefb28c8fdbb30fe9522e92a44878c8c5b5c604eea7bedb64d2a24bc66c85d1,DATA,YES,YES,NO,YES,NO,YES
data\manifests\DERIVED_DATA_AUDIT.csv,6554,497cc2c191c1ad7de9bde54ef94e172a83a5d6df000ed7a173756d2f25204bc8,DATA,YES,NO,NO,YES,NO,YES
data\harmonized\HWIN-GRQA-V1-4\dataset.json,2128,41f5cd800b47c96df04b9d647f61e9d908f5a9b0e63851e86e12fdd311aa32af,DATA,YES,YES,NO,YES,NO,YES
data\harmonized\HWIN-GRQA-V1-4\observations.csv,6016295802,989e5a6ba07499d81443c8819ef7f1e786fdef8a52661474a2bf5cc4a2ed6f8f,DATA,YES,YES,NO,YES,NO,YES
data\harmonized\HWIN-GRQA-V1-4\stations.json,23998161,467a5ea94b2fbaa77ef1ece15ba366526f21921ca0883440bfc9eba00cf119d8,DATA,YES,YES,NO,YES,NO,YES
data\harmonized\HWIN-GRQA-V1-4\variables.csv,1898,90732827cfcae56508f84a5ec34192ad76bc990b012d41785e525e2462d28a9e,DATA,YES,YES,NO,YES,NO,YES
data\harmonized\HWIN-STORET-CA\dataset.json,2160,c3171bfbc2ad64edb9c7a1ab95d2b082cb9f5b4d90b3936b4fa187f76ecf4705,DATA,YES,YES,NO,YES,NO,YES
data\harmonized\HWIN-STORET-CA\observations.csv,42727476,66da67d737b17be22671fafa404bd0afd2aefbc0e7eab7b7fce94eb647ef1377,DATA,YES,YES,NO,YES,NO,YES
data\harmonized\HWIN-STORET-CA\stations.json,13215928,0e59945f202c6262371f450c9848f3e86edaf3f7172ff598e726d80a0fb61bcb,DATA,YES,YES,NO,YES,NO,YES
data\harmonized\HWIN-STORET-CA\variables.csv,3090,5e85f9db2432c1a1c3922a8852208f822cf631bdd4c2eab3bab423a90cd1c3bb,DATA,YES,YES,NO,YES,NO,YES
data\harmonized\HWIN-STORET-RI\dataset.json,2153,ddd7281da329b466ed321fe62578166735dfa56862a52d7038793366d9b5dd81,DATA,YES,YES,NO,YES,NO,YES
data\harmonized\HWIN-STORET-RI\observations.csv,528440,55d848d2aea36bb3d0d39359087ade9552668d3159a33c3a0590c4964c935e1c,DATA,YES,YES,NO,YES,NO,YES
data\harmonized\HWIN-STORET-RI\stations.json,23442,9d8f8ac5d4fff00996be78b52ef3529e4e941ca9c05cded1ff9a9fde1b36040d,DATA,YES,YES,NO,YES,NO,YES
data\harmonized\HWIN-STORET-RI\variables.csv,2748,73e1cea45997cfaef89e7f5e4f23fb89c09c0055ed8c75cddfeccfa2be211ca8,DATA,YES,YES,NO,YES,NO,YES
data\harmonized\HWIN-STORET-TX\dataset.json,2144,bd6e5d871bc68a622daef2ed8b5066889a5d2e1067c013af82be6b0f73bb7ae2,DATA,YES,YES,NO,YES,NO,YES
data\harmonized\HWIN-STORET-TX\observations.csv,46517845,da0c3526b3cdbda68ea1f3e329800289840ae3e0563dedfd924106674e52e047,DATA,YES,YES,NO,YES,NO,YES
data\harmonized\HWIN-STORET-TX\stations.json,1290010,0bb0323261175f0a912a7eba377460111339c655056486c578dfd48020fc9036,DATA,YES,YES,NO,YES,NO,YES
data\harmonized\HWIN-STORET-TX\variables.csv,3141,9eef0b7c7dff1ee928357cf35dd493492d2dec70990958afd631d88bdd3f0cfd,DATA,YES,YES,NO,YES,NO,YES
data\harmonized\HWIN-WQP-SFBAY\dataset.json,2170,4b9d86fa59ed264b2c8f1bb28e19da940674d8e6876d04fc1449723007daefcf,DATA,YES,YES,NO,YES,NO,YES
data\harmonized\HWIN-WQP-SFBAY\observations.csv,4577185,07d6dfbb350099bc6b9faa6767f085f966d5fa9d4fcf87224a80f273c1f8143c,DATA,YES,YES,NO,YES,NO,YES
data\harmonized\HWIN-WQP-SFBAY\stations.json,209466,9790e631bede49e27602715c9822d924b79fed6701190449d8a9c0ef9e9b992e,DATA,YES,YES,NO,YES,NO,YES
data\harmonized\HWIN-WQP-SFBAY\variables.csv,2345,d4bef10f9730a047ade4d0194648334b8ff60e6c2fd83433142df3c6ae1ccaec,DATA,YES,YES,NO,YES,NO,YES
code\benchmark\run_full_benchmark_fixed.py,11761,289ac458288924507ee4af0741767cca4adcbd3f7300420792a34c23875c51d5,CODE,YES,YES,NO,YES,NO,YES
code\requirements\environment.yml,356,25577bc280be0019aefaddca3e1bffa8464ee299b21aa8c90b3e59863485f016,CODE,YES,YES,NO,YES,NO,YES
code\requirements\requirements.txt,518,8263ed351dded331ee1bc60c54670d12e4080921220935e65426578d14077021,CODE,YES,YES,NO,YES,NO,YES
code\validation\cbs_validator.py,14753,a51caf01b799cd3398c8e4eae880cffc15b938b9c31e183a2b4f0aa076e09877,CODE,YES,YES,NO,YES,NO,YES
benchmark\protocol\01_HWIN_BENCH_PROTOCOL_v1.0.md,13733,29741951d48ecfbf91f91f0017b27adffe3a7354f883b8756cfbd63279b4dc03,BENCHMARK,YES,YES,NO,YES,NO,YES
