id,severity,finding,evidence,affected_files,required_action,blocking
ISSUE-001,HIGH,DOI placeholders (zenodo.XXXXXXX) present in multiple public-facing files,"README.md, CITATION.cff, DATA_GUIDE.md, ATTRIBUTION.md, LICENSE contain XXXXX placeholders",README.md; CITATION.cff; docs/DATA_GUIDE.md; licenses/ATTRIBUTION.md,Replace XXXXX with actual Zenodo DOI before release,YES
ISSUE-002,HIGH,Dataset metadata files contain [TO_BE_COMPUTED] placeholder checksums,"All 5 dataset.json files have sha256:[TO_BE_COMPUTED] for observations.csv, stations.json, variables.csv",All 5 dataset.json files in canonical archive,Compute and embed actual SHA256 checksums before release,YES
ISSUE-003,HIGH,Public release missing checksums.sha256 manifest file,data/manifests/checksums.sha256 does not exist in release directory,data/manifests/checksums.sha256,Generate SHA256 manifest for all public data files,YES
ISSUE-004,HIGH,Protocol lists 13 benchmarkable variables but canonical execution only produced results for 11,"Protocol §3.3 table lists 13 variables; canonical results directory contains 11 per-variable result files. Missing: HWIN-VAR-004, HWIN-VAR-005, HWIN-VAR-022, HWIN-VAR-023. Extra: HWIN-VAR-028, HWIN-VAR-031",benchmark/protocol/01_HWIN_BENCH_PROTOCOL_v1.0.md; README.md; canonical results,Document and explain the discrepancy; update protocol or results to align,YES
ISSUE-005,MEDIUM,"CVO file contains 49 variables (HWIN-VAR-001 through HWIN-VAR-049), not 51 as previously claimed",canonical_variable_ontology.csv has 49 rows (excluding header); HWIN-VAR-050 and HWIN-VAR-051 are missing,ontology/canonical_variable_ontology.csv; README.md; DATA_GUIDE.md,Update documentation to reflect actual 49 variables; clarify if 51 was a typo,NO
ISSUE-006,LOW,"dataset.json uses CC0-1.0 for WQP/STORET while license audit says ""Public Domain (17 USC 105)""","All 4 WQP/STORET dataset.json files have license: ""CC0-1.0""; DATASET_LICENSE_AUDIT.csv says ""Public Domain (17 USC 105)""",dataset.json (4 files); DATASET_LICENSE_AUDIT.csv; LICENSE; ATTRIBUTION.md,"Harmonize terminology - either use ""CC0-1.0 (public domain dedication)"" consistently or ""Public Domain (17 USC 105)""",NO
ISSUE-007,MEDIUM,README.md inconsistently references 11 and 13 benchmarkable variables,"README mentions ""13"" at 6 positions and ""11"" at 3 positions; protocol claims 13, execution has 11",README.md,Standardize on actual executed count (11) with clear explanation of protocol vs execution difference,NO
ISSUE-008,LOW,"Public release data/harmonized, data/datasets, data/metadata directories are empty",Release package has empty data directories; data expected to be downloaded separately,data/harmonized/; data/datasets/; data/metadata/,Document clearly that data must be downloaded; provide download scripts and checksums,NO
ISSUE-009,LOW,"README.md does not explicitly mention ""LinearRegression"" or ""code/"" directory in main text","Search for ""LinearRegression"" and ""code/"" in README body text - not found in main sections",README.md,Add explicit mention of 7 baseline models and code availability in README,NO
ISSUE-010,LOW,GRQA observations.csv has fields larger than standard CSV limit (131072 bytes),csv.Error: field larger than field limit (131072) when reading GRQA observations.csv,data/harmonized/HWIN-GRQA-V1-4/observations.csv (if included),Note in documentation that CSV may require special handling for large fields,NO
