file,sha256,status
BENCHMARK_STATISTICS.md,c016912178dd209b5ebaa3919d540ee18ae9d85f1991809d78fce1b53dbd5c6b,authoritative
BENCHMARK_VARIABLE_DEFINITION_v1.0.md,bfa2bff96aced3d99733c36a1303a95baa1c0b09dd850dff74916633109c46d9,authoritative
CI_CORRECTION_REVIEW/CI_CALCULATION_VERIFICATION.md,f21cb19b7b7a7a23a8a0f3307c1091847fa42ca39ccf8aab5c240144726c277a,authoritative
CI_CORRECTION_REVIEW/CI_COMPARISON.csv,39e8f8b176374b8fddf769ce5f18768d96034696e7b13c2f7f5f65e0c7010b7e,authoritative
CI_CORRECTION_REVIEW/CI_CORRECTION_DECISION.md,3957f492560ab5463519c9408717f79d158a42ed99cf296f06e49fdc85c5c04f,authoritative
CI_CORRECTION_REVIEW/CI_SOURCE_INVENTORY.csv,90a08c27c83862937fa6c431c27860fe1ee292b7021ec0ccdf1867f50814de92,authoritative
CI_CORRECTION_REVIEW/CORRECTED_CONFIDENCE_INTERVALS.csv,e8d5ccda537c1033b2afc3e8c93389ee1e1adfa3d3ebd1bc479f04cdd7ce008d,authoritative
CI_CORRECTION_REVIEW/FOLD_METRIC_DEDUPLICATION.csv,8d7d08ddbfd318c9e8f5407678b2b60fe57a6293f22da82f1fc671a6ee0180f9,authoritative
FINAL_BENCHMARK_OBSERVATION_COUNT.md,71dac048458b475c4a1a3cda97ebcf035dd720f45698d8625a845d598f991c6c,authoritative
FINAL_V1.0_DATASET_COUNTS.csv,579bf38311c5a1f4aaf6973b18036ad259ca605051ff4d35347f65ad3555467b,authoritative
FINAL_V1.0_DATASET_COUNTS.md,2ca92c5e8318f7db4ecffd3349637fd4b890265dde118a569f6c1f2d22f40285,authoritative
HWIN_BENCH_v1.0.0_FINAL_FREEZE.md,7cd661de8e2d5a59d4328a6a3089618dfcae478b65dbba5c9b98039d96bcc3a5,authoritative
VARIABLE_ELIGIBILITY_FORENSIC.csv,bd9f5caac4179cd6bfa9371e1eea8acb30e4110337cd4892ae2b5e96235a427b,authoritative
benchmark/protocol/01_HWIN_BENCH_PROTOCOL_v1.0.md,12c2f87198c2f17bf5a53a7a1350105f90524da9db081e51e526446f4524d699,immutable
benchmark/run_full_benchmark_fixed.py,289ac458288924507ee4af0741767cca4adcbd3f7300420792a34c23875c51d5,authoritative
code/benchmark/run_full_benchmark_fixed.py,289ac458288924507ee4af0741767cca4adcbd3f7300420792a34c23875c51d5,authoritative
data/harmonized/HWIN-GRQA-V1-4/dataset.json,41f5cd800b47c96df04b9d647f61e9d908f5a9b0e63851e86e12fdd311aa32af,authoritative
data/harmonized/HWIN-GRQA-V1-4/stations.json,EXPECTED_MISSING_LFS_ZENODO,in_zenodo
data/harmonized/HWIN-GRQA-V1-4/variables.csv,90732827cfcae56508f84a5ec34192ad76bc990b012d41785e525e2462d28a9e,authoritative
data/harmonized/HWIN-STORET-CA/dataset.json,c3171bfbc2ad64edb9c7a1ab95d2b082cb9f5b4d90b3936b4fa187f76ecf4705,authoritative
data/harmonized/HWIN-STORET-CA/observations.csv,EXPECTED_MISSING_LFS_GITHUB,in_github
data/harmonized/HWIN-STORET-CA/stations.json,0e59945f202c6262371f450c9848f3e86edaf3f7172ff598e726d80a0fb61bcb,lfs_tracked
data/harmonized/HWIN-STORET-CA/variables.csv,5e85f9db2432c1a1c3922a8852208f822cf631bdd4c2eab3bab423a90cd1c3bb,authoritative
data/harmonized/HWIN-STORET-RI/dataset.json,ddd7281da329b466ed321fe62578166735dfa56862a52d7038793366d9b5dd81,authoritative
data/harmonized/HWIN-STORET-RI/observations.csv,55d848d2aea36bb3d0d39359087ade9552668d3159a33c3a0590c4964c935e1c,authoritative
data/harmonized/HWIN-STORET-RI/stations.json,9d8f8ac5d4fff00996be78b52ef3529e4e941ca9c05cded1ff9a9fde1b36040d,authoritative
data/harmonized/HWIN-STORET-RI/variables.csv,73e1cea45997cfaef89e7f5e4f23fb89c09c0055ed8c75cddfeccfa2be211ca8,authoritative
data/harmonized/HWIN-STORET-TX/dataset.json,bd6e5d871bc68a622daef2ed8b5066889a5d2e1067c013af82be6b0f73bb7ae2,authoritative
data/harmonized/HWIN-STORET-TX/stations.json,0bb0323261175f0a912a7eba377460111339c655056486c578dfd48020fc9036,authoritative
data/harmonized/HWIN-STORET-TX/variables.csv,9eef0b7c7dff1ee928357cf35dd493492d2dec70990958afd631d88bdd3f0cfd,authoritative
data/harmonized/HWIN-WQP-SFBAY/dataset.json,4b9d86fa59ed264b2c8f1bb28e19da940674d8e6876d04fc1449723007daefcf,authoritative
data/harmonized/HWIN-WQP-SFBAY/observations.csv,07d6dfbb350099bc6b9faa6767f085f966d5fa9d4fcf87224a80f273c1f8143c,authoritative
data/harmonized/HWIN-WQP-SFBAY/stations.json,9790e631bede49e27602715c9822d924b79fed6701190449d8a9c0ef9e9b992e,authoritative
data/harmonized/HWIN-WQP-SFBAY/variables.csv,d4bef10f9730a047ade4d0194648334b8ff60e6c2fd83433142df3c6ae1ccaec,authoritative
data/manifests/DATASET_RELEASE_INVENTORY.csv,290e64f39a3d8c4c78c1374cac4156d351554100b6bd8bbef6c295b3b0695f2a,authoritative
data/manifests/DERIVED_DATA_AUDIT.csv,6fa302682bcfe7cb05e4227f8cd0f5dbd40ad0bd68590a9dcc567dd377e2ccef,authoritative
ontology/canonical_variable_ontology.csv,4997070dde1bf8b5ad8465821fd41d2405f8f3294a9afb71991b4a3568f8f470,authoritative
ontology/unit_harmonization_rules.csv,e8f1c4e231a62f813b682ebec13b7b7dd64c80a05bd76b3a40171b5adc5e12a8,authoritative
ontology/variable_synonym_dictionary.csv,6846aae4b3fc1891d5b3b6bbac37f75109e418339d98d62a6804b5d7973282cb,authoritative
paper/figures/fig5_benchmark_CORRECTED.pdf,fda14ecc8aa5e3665c73c57fdb92310bb8c72af7e72f088f31d5b0de73222414,lfs_tracked
paper/figures/fig5_benchmark_CORRECTED.png,1bd10bbaaa9b92ce53449820351ee81cfcf987697e6b6e9262d6798070e00e64,lfs_tracked
paper/figures/fig5_benchmark_CORRECTED.svg,1c9586018a0063e1710cc62931dd579710ea44f3d5c9573c4fa62921ceec5ac4,authoritative
paper/figures/fig7_missing_data_robustness.pdf,c035b9e36b652f4a83acf126a1eedd1e8670855850140551d4f54012c967cfb4,lfs_tracked
paper/figures/fig7_missing_data_robustness.png,849957f5c27af752b08a961a60d11e1ca907f1e76400d125c7ba361bc626a538,lfs_tracked
paper/figures/fig7_missing_data_robustness.svg,38df711f18c390059544b7d34cb86958707f763ef20dc386e9508b7a78b1b804,authoritative
paper/tables/Table5_grqa_CORRECTED.tex,1a2b325f7223fce63749718f78b4af23ccf8fa7bfad304ebc6fc00c663bc43fa,authoritative