variable_id,canonical_name,dataset,cvo_present,source_mapping_present,mapping_details,raw_observations,clean_observations,harmonized_observations,valid_observations,min_samples_threshold,passes_min_samples,eligible_for_benchmark,selected_by_runner,executed,result_exists,exclusion_reason,evidence_file,evidence_code_location
HWIN-VAR-001,Water Temperature,GRQA,YES,YES,TEMP,0,0,5508690,5508690,100,YES,YES,YES,YES,YES,N/A (executed),synonym_dictionary.csv; harmonized observations.csv; protocol §3.3 table; canonical results,benchmark/run_full_benchmark_fixed.py:get_variables()
HWIN-VAR-002,pH,GRQA,YES,YES,pH,0,0,4702926,4702926,100,YES,YES,YES,YES,YES,N/A (executed),synonym_dictionary.csv; harmonized observations.csv; protocol §3.3 table; canonical results,benchmark/run_full_benchmark_fixed.py:get_variables()
HWIN-VAR-003,Dissolved Oxygen,GRQA,YES,YES,DO,0,0,2758590,2758590,100,YES,YES,YES,YES,YES,N/A (executed),synonym_dictionary.csv; harmonized observations.csv; protocol §3.3 table; canonical results,benchmark/run_full_benchmark_fixed.py:get_variables()
HWIN-VAR-004,Turbidity,GRQA,YES,NO,,0,0,0,0,100,NO,NO,NO,NO,NO,No GRQA mapping in synonym dictionary,protocol §3.3 table,benchmark/run_full_benchmark_fixed.py:get_variables()
HWIN-VAR-005,Specific Conductance,GRQA,YES,NO,,0,0,0,0,100,NO,NO,NO,NO,NO,No GRQA mapping in synonym dictionary,protocol §3.3 table,benchmark/run_full_benchmark_fixed.py:get_variables()
HWIN-VAR-006,Flow Rate,GRQA,YES,NO,,0,0,0,0,100,NO,NO,NO,NO,NO,No GRQA mapping in synonym dictionary,,benchmark/run_full_benchmark_fixed.py:get_variables()
HWIN-VAR-007,Water Depth,GRQA,YES,NO,,0,0,0,0,100,NO,NO,NO,NO,NO,No GRQA mapping in synonym dictionary,,benchmark/run_full_benchmark_fixed.py:get_variables()
HWIN-VAR-008,Nitrate Nitrogen,GRQA,YES,YES,NO3N,0,0,2343593,2343593,100,YES,YES,YES,YES,YES,N/A (executed),synonym_dictionary.csv; harmonized observations.csv; protocol §3.3 table; canonical results,benchmark/run_full_benchmark_fixed.py:get_variables()
HWIN-VAR-009,Ammonium Nitrogen,GRQA,YES,YES,NH4N; NH3N,0,0,999283,999283,100,YES,YES,YES,YES,YES,N/A (executed),synonym_dictionary.csv; harmonized observations.csv; protocol §3.3 table; canonical results,benchmark/run_full_benchmark_fixed.py:get_variables()
HWIN-VAR-010,Phosphate Phosphorus,GRQA,YES,YES,TP; DOP,0,0,2858114,2858114,100,YES,YES,YES,YES,YES,N/A (executed),synonym_dictionary.csv; harmonized observations.csv; protocol §3.3 table; canonical results,benchmark/run_full_benchmark_fixed.py:get_variables()
HWIN-VAR-011,Chlorophyll-a,GRQA,YES,NO,,0,0,0,0,100,NO,NO,NO,NO,NO,No GRQA mapping in synonym dictionary,,benchmark/run_full_benchmark_fixed.py:get_variables()
HWIN-VAR-012,Fecal Coliforms,GRQA,YES,NO,,0,0,0,0,100,NO,NO,NO,NO,NO,No GRQA mapping in synonym dictionary,,benchmark/run_full_benchmark_fixed.py:get_variables()
HWIN-VAR-013,Water Temperature at Depth,GRQA,YES,NO,,0,0,0,0,100,NO,NO,NO,NO,NO,No GRQA mapping in synonym dictionary,,benchmark/run_full_benchmark_fixed.py:get_variables()
HWIN-VAR-014,Dissolved Oxygen Percent Saturation,GRQA,YES,YES,DOSAT,0,0,1690075,1690075,100,YES,YES,YES,YES,YES,N/A (executed),synonym_dictionary.csv; harmonized observations.csv; protocol §3.3 table; canonical results,benchmark/run_full_benchmark_fixed.py:get_variables()
HWIN-VAR-015,Total Suspended Solids,GRQA,YES,YES,TSS,0,0,1308520,1308520,100,YES,YES,YES,YES,YES,N/A (executed),synonym_dictionary.csv; harmonized observations.csv; protocol §3.3 table; canonical results,benchmark/run_full_benchmark_fixed.py:get_variables()
HWIN-VAR-016,Air Temperature,GRQA,YES,NO,,0,0,0,0,100,NO,NO,NO,NO,NO,No GRQA mapping in synonym dictionary,,benchmark/run_full_benchmark_fixed.py:get_variables()
HWIN-VAR-017,Chloride,GRQA,YES,NO,,0,0,0,0,100,NO,NO,NO,NO,NO,No GRQA mapping in synonym dictionary,,benchmark/run_full_benchmark_fixed.py:get_variables()
HWIN-VAR-018,Sulfate,GRQA,YES,NO,,0,0,0,0,100,NO,NO,NO,NO,NO,No GRQA mapping in synonym dictionary,,benchmark/run_full_benchmark_fixed.py:get_variables()
HWIN-VAR-019,Silica,GRQA,YES,NO,,0,0,0,0,100,NO,NO,NO,NO,NO,No GRQA mapping in synonym dictionary,,benchmark/run_full_benchmark_fixed.py:get_variables()
HWIN-VAR-020,Alkalinity,GRQA,YES,NO,,0,0,0,0,100,NO,NO,NO,NO,NO,No GRQA mapping in synonym dictionary,,benchmark/run_full_benchmark_fixed.py:get_variables()
HWIN-VAR-021,Total Dissolved Solids,GRQA,YES,NO,,0,0,0,0,100,NO,NO,NO,NO,NO,No GRQA mapping in synonym dictionary,,benchmark/run_full_benchmark_fixed.py:get_variables()
HWIN-VAR-022,Biochemical Oxygen Demand,GRQA,YES,YES,BOD; BOD5; BOD7,0,0,0,0,100,NO,NO,NO,NO,NO,GRQA mapping exists but zero observations in harmonized data,synonym_dictionary.csv; protocol §3.3 table,benchmark/run_full_benchmark_fixed.py:get_variables()
HWIN-VAR-023,Chemical Oxygen Demand,GRQA,YES,YES,COD; CODCr; CODMn,0,0,0,0,100,NO,NO,NO,NO,NO,GRQA mapping exists but zero observations in harmonized data,synonym_dictionary.csv; protocol §3.3 table,benchmark/run_full_benchmark_fixed.py:get_variables()
HWIN-VAR-024,Dissolved Inorganic Nitrogen,GRQA,YES,YES,DIN,0,0,0,0,100,NO,NO,NO,NO,NO,GRQA mapping exists but zero observations in harmonized data,synonym_dictionary.csv,benchmark/run_full_benchmark_fixed.py:get_variables()
HWIN-VAR-025,Total Dissolved Nitrogen,GRQA,YES,YES,TDN,0,0,0,0,100,NO,NO,NO,NO,NO,GRQA mapping exists but zero observations in harmonized data,synonym_dictionary.csv,benchmark/run_full_benchmark_fixed.py:get_variables()
HWIN-VAR-026,Total Inorganic Nitrogen,GRQA,YES,YES,TIN,0,0,0,0,100,NO,NO,NO,NO,NO,GRQA mapping exists but zero observations in harmonized data,synonym_dictionary.csv,benchmark/run_full_benchmark_fixed.py:get_variables()
HWIN-VAR-027,Total Kjeldahl Nitrogen,GRQA,YES,YES,TKN,0,0,0,0,100,NO,NO,NO,NO,NO,GRQA mapping exists but zero observations in harmonized data,synonym_dictionary.csv,benchmark/run_full_benchmark_fixed.py:get_variables()
HWIN-VAR-028,Total Nitrogen,GRQA,YES,YES,TN,0,0,1755110,1755110,100,YES,YES,YES,YES,YES,N/A (executed),synonym_dictionary.csv; harmonized observations.csv; canonical results,benchmark/run_full_benchmark_fixed.py:get_variables()
HWIN-VAR-029,Dissolved Organic Nitrogen,GRQA,YES,YES,DON,0,0,0,0,100,NO,NO,NO,NO,NO,GRQA mapping exists but zero observations in harmonized data,synonym_dictionary.csv,benchmark/run_full_benchmark_fixed.py:get_variables()
HWIN-VAR-030,Total Organic Nitrogen,GRQA,YES,YES,TON,0,0,0,0,100,NO,NO,NO,NO,NO,GRQA mapping exists but zero observations in harmonized data,synonym_dictionary.csv,benchmark/run_full_benchmark_fixed.py:get_variables()
HWIN-VAR-031,Total Ammonia Nitrogen,GRQA,YES,YES,TAN,0,0,615870,615870,100,YES,YES,YES,YES,YES,N/A (executed),synonym_dictionary.csv; harmonized observations.csv; canonical results,benchmark/run_full_benchmark_fixed.py:get_variables()
HWIN-VAR-032,Dissolved Kjeldahl Nitrogen,GRQA,YES,YES,DKN,0,0,0,0,100,NO,NO,NO,NO,NO,GRQA mapping exists but zero observations in harmonized data,synonym_dictionary.csv,benchmark/run_full_benchmark_fixed.py:get_variables()
HWIN-VAR-033,Nitrite Nitrogen,GRQA,YES,YES,NO2N,0,0,1310136,1310136,100,YES,YES,YES,YES,YES,N/A (executed),synonym_dictionary.csv; harmonized observations.csv; protocol §3.3 table; canonical results,benchmark/run_full_benchmark_fixed.py:get_variables()
HWIN-VAR-034,Dissolved Inorganic Phosphorus,GRQA,YES,YES,DIP,0,0,0,0,100,NO,NO,NO,NO,NO,GRQA mapping exists but zero observations in harmonized data,synonym_dictionary.csv,benchmark/run_full_benchmark_fixed.py:get_variables()
HWIN-VAR-035,Total Dissolved Phosphorus,GRQA,YES,YES,TDP,0,0,0,0,100,NO,NO,NO,NO,NO,GRQA mapping exists but zero observations in harmonized data,synonym_dictionary.csv,benchmark/run_full_benchmark_fixed.py:get_variables()
HWIN-VAR-036,Total Inorganic Phosphorus,GRQA,YES,YES,TIP,0,0,0,0,100,NO,NO,NO,NO,NO,GRQA mapping exists but zero observations in harmonized data,synonym_dictionary.csv,benchmark/run_full_benchmark_fixed.py:get_variables()
HWIN-VAR-037,Total Organic Phosphorus,GRQA,YES,YES,TOP,0,0,0,0,100,NO,NO,NO,NO,NO,GRQA mapping exists but zero observations in harmonized data,synonym_dictionary.csv,benchmark/run_full_benchmark_fixed.py:get_variables()
HWIN-VAR-038,Particulate Organic Phosphorus,GRQA,YES,YES,POP,0,0,0,0,100,NO,NO,NO,NO,NO,GRQA mapping exists but zero observations in harmonized data,synonym_dictionary.csv,benchmark/run_full_benchmark_fixed.py:get_variables()
HWIN-VAR-039,Total Particulate Phosphorus,GRQA,YES,YES,TPP,0,0,0,0,100,NO,NO,NO,NO,NO,GRQA mapping exists but zero observations in harmonized data,synonym_dictionary.csv,benchmark/run_full_benchmark_fixed.py:get_variables()
HWIN-VAR-040,Total Carbon,GRQA,YES,YES,TC,0,0,0,0,100,NO,NO,NO,NO,NO,GRQA mapping exists but zero observations in harmonized data,synonym_dictionary.csv,benchmark/run_full_benchmark_fixed.py:get_variables()
HWIN-VAR-041,Dissolved Inorganic Carbon,GRQA,YES,YES,DIC; DC,0,0,0,0,100,NO,NO,NO,NO,NO,GRQA mapping exists but zero observations in harmonized data,synonym_dictionary.csv,benchmark/run_full_benchmark_fixed.py:get_variables()
HWIN-VAR-042,Dissolved Organic Carbon,GRQA,YES,YES,DOC,0,0,0,0,100,NO,NO,NO,NO,NO,GRQA mapping exists but zero observations in harmonized data,synonym_dictionary.csv,benchmark/run_full_benchmark_fixed.py:get_variables()
HWIN-VAR-043,Total Inorganic Carbon,GRQA,YES,YES,TIC,0,0,0,0,100,NO,NO,NO,NO,NO,GRQA mapping exists but zero observations in harmonized data,synonym_dictionary.csv,benchmark/run_full_benchmark_fixed.py:get_variables()
HWIN-VAR-044,Total Organic Carbon,GRQA,YES,YES,TOC,0,0,0,0,100,NO,NO,NO,NO,NO,GRQA mapping exists but zero observations in harmonized data,synonym_dictionary.csv,benchmark/run_full_benchmark_fixed.py:get_variables()
HWIN-VAR-045,Particulate Carbon,GRQA,YES,YES,PC,0,0,0,0,100,NO,NO,NO,NO,NO,GRQA mapping exists but zero observations in harmonized data,synonym_dictionary.csv,benchmark/run_full_benchmark_fixed.py:get_variables()
HWIN-VAR-046,Particulate Inorganic Carbon,GRQA,YES,YES,PIC,0,0,0,0,100,NO,NO,NO,NO,NO,GRQA mapping exists but zero observations in harmonized data,synonym_dictionary.csv,benchmark/run_full_benchmark_fixed.py:get_variables()
HWIN-VAR-047,Particulate Organic Carbon,GRQA,YES,YES,POC,0,0,0,0,100,NO,NO,NO,NO,NO,GRQA mapping exists but zero observations in harmonized data,synonym_dictionary.csv,benchmark/run_full_benchmark_fixed.py:get_variables()
HWIN-VAR-048,Particulate Nitrogen,GRQA,YES,YES,PN,0,0,0,0,100,NO,NO,NO,NO,NO,GRQA mapping exists but zero observations in harmonized data,synonym_dictionary.csv,benchmark/run_full_benchmark_fixed.py:get_variables()
HWIN-VAR-049,Particulate Organic Nitrogen,GRQA,YES,YES,PON,0,0,0,0,100,NO,NO,NO,NO,NO,GRQA mapping exists but zero observations in harmonized data,synonym_dictionary.csv,benchmark/run_full_benchmark_fixed.py:get_variables()
