variable,model,metric,old_n,corrected_n,old_mean,corrected_mean,old_ci_lower,old_ci_upper,new_ci_lower,new_ci_upper,old_width,new_width,width_ratio,change
HWIN-VAR-001,elasticnet,mae,25,5,4.624668788909912,4.624668788909912,4.545062475883489,4.704275101936336,4.3623533344754835,4.886984243344341,0.15921262605284703,0.5246309088688577,3.2951589448359346,WIDENED
HWIN-VAR-001,elasticnet,rmse,25,5,8.658241044895046,8.658241044895046,7.307581418259669,10.008900671530423,4.207602894758732,13.10887919503136,2.7013192532707544,8.901276300272627,3.295158944835925,WIDENED
HWIN-VAR-001,elasticnet,r2,25,5,0.345464825630188,0.345464825630188,0.2950203918429129,0.3959092594174631,0.179242398418865,0.511687252841511,0.10088886757455018,0.33244485442264593,3.295158944835923,WIDENED
HWIN-VAR-001,elasticnet,mape,25,5,111.64424438476563,111.64424438476563,110.17201304764178,113.11647572188947,106.79300812537423,116.49548064415703,2.9444626742476885,9.702472518782798,3.2951589448359315,WIDENED
HWIN-VAR-001,elasticnet,medae,25,5,3.7124945640563967,3.7124945640563967,3.6830889817303882,3.741900146382405,3.6155984964267405,3.809390631686053,0.058811164652016856,0.19379213525931238,3.2951589448359364,WIDENED
HWIN-VAR-001,extra_trees,mae,25,5,2.413567666994773,2.413567666994773,2.393607395405541,2.4335279385840054,2.3477953995261607,2.4793399344633866,0.039920543178464385,0.13154453493722595,3.2951589448359315,WIDENED
HWIN-VAR-001,extra_trees,rmse,25,5,6.712632355240621,6.712632355240621,5.040891084268104,8.384373626213138,1.2039791527441528,12.221285557737087,3.3434825419450345,11.017306404992933,3.295158944835924,WIDENED
HWIN-VAR-001,extra_trees,r2,25,5,0.6048135579079985,0.6048135579079985,0.4978957637500739,0.7117313520659232,0.25250243212638696,0.9571246836896099,0.2138355883158493,0.704622251563223,3.2951589448359235,WIDENED
HWIN-VAR-001,extra_trees,mape,25,5,45.963177064621235,45.963177064621235,44.93234661071375,46.99400751852872,42.5664268738187,49.359927255423756,2.061660907814968,6.793500381605057,3.2951589448359306,WIDENED
HWIN-VAR-001,extra_trees,medae,25,5,1.7801250517211855,1.7801250517211855,1.769646858387669,1.790603245054702,1.7455977392325281,1.814652364209842,0.020956386667033033,0.06905462497731385,3.2951589448359075,WIDENED
HWIN-VAR-001,gradient_boosting,mae,25,5,2.7961751372211863,2.7961751372211863,2.7592165900879464,2.833133684354426,2.674390850046951,2.9179594243954217,0.07391709426647974,0.2435685743484708,3.295158944835922,WIDENED
HWIN-VAR-001,gradient_boosting,rmse,25,5,7.541909661966246,7.541909661966246,5.716612579169809,9.367206744762683,1.5272656526066468,13.55655367132584,3.6505941655928744,12.029288018719193,3.295158944835923,WIDENED
HWIN-VAR-001,gradient_boosting,r2,25,5,0.4622484095304778,0.4622484095304778,0.28201649866348716,0.6424803203974685,-0.13164438370775744,1.056141202768713,0.36046382173398134,1.1877855864764704,3.2951589448359235,WIDENED
HWIN-VAR-001,gradient_boosting,mape,25,5,56.935761797157014,56.935761797157014,55.6118104194757,58.259713174838325,52.57313157246259,61.298392021851434,2.6479027553626224,8.725260449388841,3.2951589448359266,WIDENED
HWIN-VAR-001,gradient_boosting,medae,25,5,2.1657398140619275,2.1657398140619275,2.1545807393089684,2.1768988888148866,2.128968889073621,2.202510739050233,0.02231814950591815,0.07354184997661228,3.2951589448359524,WIDENED
HWIN-VAR-001,lasso,mae,25,5,4.54514856338501,4.54514856338501,4.466419218328043,4.623877908441977,4.2857228577994695,4.80457426897055,0.1574586901139341,0.5188514111710809,3.2951589448359435,WIDENED
HWIN-VAR-001,lasso,rmse,25,5,8.630947814388094,8.630947814388094,7.278126562648831,9.983769066127357,4.173186765955329,13.088708862820855,2.7056425034785256,8.915522096865526,3.295158944835924,WIDENED
HWIN-VAR-001,lasso,r2,25,5,0.34990701675415037,0.34990701675415037,0.29894251512638137,0.40087151838191937,0.1819708833463024,0.5178431501619983,0.101929003255538,0.33587226681569593,3.2951589448359226,WIDENED
HWIN-VAR-001,lasso,mape,25,5,105.56259002685547,105.56259002685547,104.19071912108387,106.93446093262708,101.04205734054203,110.08312271316892,2.7437418115432024,9.041065372626889,3.295158944835918,WIDENED
HWIN-VAR-001,lasso,medae,25,5,3.5831410884857178,3.5831410884857178,3.5562813827934745,3.610000794177961,3.494634089018262,3.6716480879531734,0.05371941138448655,0.17701399893491132,3.2951589448359186,WIDENED
HWIN-VAR-001,linear_regression,mae,25,5,6.57831916809082,6.57831916809082,6.506071076636842,6.650567259544798,6.340250223288922,6.816388112892718,0.14449618290795563,0.47613788960379644,3.295158944835915,WIDENED
HWIN-VAR-001,linear_regression,rmse,25,5,10.129818194384965,10.129818194384965,8.918669518189088,11.340966870580843,6.138890800491927,14.120745588278,2.4222973523917553,7.981854787786073,3.2951589448359258,WIDENED
HWIN-VAR-001,linear_regression,r2,25,5,0.07650913000106811,0.07650913000106811,0.06486766533161968,0.08815059467051654,0.03814865356454373,0.1148696064375925,0.023282929338896863,0.07672095287304878,3.295158944835925,WIDENED
HWIN-VAR-001,linear_regression,mape,25,5,185.98558044433594,185.98558044433594,183.39080114369224,188.58035974497963,177.4353702219448,194.53579066672708,5.189558601287388,17.100420444782287,3.2951589448359133,WIDENED
HWIN-VAR-001,linear_regression,medae,25,5,6.044873905181885,6.044873905181885,6.0219389950827695,6.067808815281,5.969299731019776,6.120448079343994,0.045869820198230826,0.15114834832421842,3.29515894483598,WIDENED
HWIN-VAR-001,random_forest,mae,25,5,2.339610605146325,2.339610605146325,2.314731244737198,2.364489965555452,2.257629158152394,2.421592052140256,0.04975872081825372,0.16396289398786212,3.2951589448359213,WIDENED
HWIN-VAR-001,random_forest,rmse,25,5,6.912626614805561,6.912626614805561,5.113148464692227,8.712104764918895,0.9830600924228072,12.842193137188314,3.598956300226668,11.859133044765507,3.295158944835924,WIDENED
HWIN-VAR-001,random_forest,r2,25,5,0.5584849841424872,0.5584849841424872,0.4135929485696519,0.7033770197153224,0.08104269708917411,1.0359272711958,0.2897840711456705,0.954884574106626,3.295158944835924,WIDENED
HWIN-VAR-001,random_forest,mape,25,5,43.65747967386867,43.65747967386867,42.70559459978012,44.60936474795722,40.52086705752998,46.794092290207374,1.9037701481771023,6.27322523267739,3.2951589448359235,WIDENED
HWIN-VAR-001,random_forest,medae,25,5,1.7222649348713457,1.7222649348713457,1.7131110040551025,1.7314188656875888,1.692101277861793,1.7524285918808993,0.018307861632486322,0.06032731401910629,3.295158944835955,WIDENED
HWIN-VAR-001,ridge,mae,25,5,4.517568588256836,4.517568588256836,4.4392079687142205,4.595929207799451,4.259357891848101,4.775779284665571,0.15672123908523083,0.5164213928174703,3.2951589448359404,WIDENED
HWIN-VAR-001,ridge,rmse,25,5,8.62608133774287,8.62608133774287,7.273176834841927,9.978985840643812,4.1680459635000275,13.084116711985711,2.7058090058018855,8.916070748485684,3.295158944835925,WIDENED
HWIN-VAR-001,ridge,r2,25,5,0.3506812691688538,0.3506812691688538,0.29968969651077915,0.4016728418269284,0.18265593241334815,0.5187066059243595,0.10198314531614927,0.3360506735110113,3.2951589448359258,WIDENED
HWIN-VAR-001,ridge,mape,25,5,103.32569885253906,103.32569885253906,102.0016937569404,104.64970394813773,98.9628916187688,107.68850608630933,2.6480101911973293,8.725614467540538,3.2951589448359138,WIDENED
HWIN-VAR-001,ridge,medae,25,5,3.53668327331543,3.53668327331543,3.5133398669976703,3.5600266796331894,3.4597630391845247,3.613603507446335,0.046686812635519104,0.15384046826181041,3.2951589448359413,WIDENED
HWIN-VAR-002,elasticnet,mae,25,5,0.5696135282516479,0.5696135282516479,0.5642585733350399,0.5749684831682559,0.5519681006589942,0.5872589558443017,0.010709909833215958,0.0352908551853075,3.2951589448358978,WIDENED
HWIN-VAR-002,elasticnet,rmse,25,5,2.546624943921785,2.546624943921785,1.9461796314140174,3.147070256429553,0.5680622015270116,4.525187686316558,1.2008906250155356,3.9571254847895467,3.295158944835925,WIDENED
HWIN-VAR-002,elasticnet,r2,25,5,0.0033675789833068847,0.0033675789833068847,0.001215810824750288,0.005519347141863482,-0.0037228391115740104,0.01045799707818778,0.0043035363171131935,0.01418083618976179,3.2951589448359244,WIDENED
HWIN-VAR-002,elasticnet,mape,25,5,8.109323501586914,8.109323501586914,8.052773015026267,8.165873988147561,7.922980659961771,8.295666343212057,0.11310097312129486,0.3726856832502854,3.2951589448359524,WIDENED
HWIN-VAR-002,elasticnet,medae,25,5,0.4513686656951904,0.4513686656951904,0.4496468737837469,0.4530904576066339,0.4456950876770512,0.45704224371332963,0.0034435838228870086,0.01134715603627845,3.2951589448359346,WIDENED
HWIN-VAR-002,extra_trees,mae,25,5,0.3837573888436115,0.3837573888436115,0.3797425982890816,0.3877721793981414,0.37052801583620953,0.39698676185101356,0.008029581109059825,0.026458746014804024,3.295158944835922,WIDENED
HWIN-VAR-002,extra_trees,rmse,25,5,2.864133624471536,2.864133624471536,2.2954726492718596,3.4327945996712126,0.9903053254632026,4.73796192347987,1.137321950399353,3.7476565980166674,3.295158944835924,WIDENED
HWIN-VAR-002,extra_trees,r2,25,5,-0.5887277845328194,-0.5887277845328194,-0.8273562194229938,-0.35009934964264494,-1.3750464062533747,0.19759083718773585,0.4772568697803488,1.5726372434411107,3.295158944835925,WIDENED
HWIN-VAR-002,extra_trees,mape,25,5,5.297246904235825,5.297246904235825,5.262520958196758,5.331972850274893,5.1828193925273025,5.411674415944348,0.06945189207813485,0.22885502341704544,3.295158944835926,WIDENED
HWIN-VAR-002,extra_trees,medae,25,5,0.25077195835113536,0.25077195835113536,0.2494368182788143,0.2521070984234564,0.2463724595992178,0.25517145710305295,0.002670280144642101,0.008798997503835143,3.295158944835909,WIDENED
HWIN-VAR-002,gradient_boosting,mae,25,5,0.45266516103413407,0.45266516103413407,0.44836210494328826,0.45696821712497987,0.43848590726625286,0.4668444148020154,0.008606112181691605,0.028358507535762523,3.295158944835926,WIDENED
HWIN-VAR-002,gradient_boosting,rmse,25,5,2.5385002061101747,2.5385002061101747,1.9320222178268927,3.144978194393457,0.5400588381724212,4.536941574047929,1.2129559765665643,3.9968827358755075,3.295158944835924,WIDENED
HWIN-VAR-002,gradient_boosting,r2,25,5,0.02784203706462387,0.02784203706462387,-0.016527421631777173,0.07221149576102491,-0.1183623816363501,0.17404645576559785,0.08873891739280208,0.29240883740194795,3.295158944835924,WIDENED
HWIN-VAR-002,gradient_boosting,mape,25,5,6.3914696096282135,6.3914696096282135,6.345676335431678,6.437262883824749,6.240573492546177,6.542365726710254,0.0915865483930709,0.3017922341640773,3.2951589448359404,WIDENED
HWIN-VAR-002,gradient_boosting,medae,25,5,0.3196875838763773,0.3196875838763773,0.3178002882104431,0.3215748795423115,0.313468644681224,0.3259065230715305,0.0037745913318684154,0.012437878390306523,3.295158944835969,WIDENED
HWIN-VAR-002,lasso,mae,25,5,0.5696627020835876,0.5696627020835876,0.5642764921798181,0.5750489119873571,0.5519142843404177,0.5874111198267575,0.010772419807538958,0.03549683548633986,3.295158944835941,WIDENED
HWIN-VAR-002,lasso,rmse,25,5,2.546610285433939,2.546610285433939,1.9461508520054664,3.1470697188624115,0.5680010123609971,4.525219558506881,1.200918866856945,3.9572185461458833,3.295158944835923,WIDENED
HWIN-VAR-002,lasso,r2,25,5,0.0034085988998413088,0.0034085988998413088,0.0012690495642263245,0.005548148235456293,-0.0036415562313281656,0.010458754031010783,0.004279098671229968,0.014100310262338949,3.295158944835925,WIDENED
HWIN-VAR-002,lasso,mape,25,5,8.110294437408447,8.110294437408447,8.053283702311386,8.167305172505507,7.922435003701698,8.298153871115197,0.11402147019412112,0.37571886741349925,3.2951589448359093,WIDENED
HWIN-VAR-002,lasso,medae,25,5,0.45133180618286134,0.45133180618286134,0.4495447197239789,0.45311889264174376,0.4454430722526797,0.457220540113043,0.0035741729177648507,0.011777467860363267,3.2951589448359533,WIDENED
HWIN-VAR-002,linear_regression,mae,25,5,0.5696759104728699,0.5696759104728699,0.56434722286124,0.5750045980844999,0.5521170378251712,0.5872347831205686,0.010657375223259935,0.03511774529539746,3.295158944835899,WIDENED
HWIN-VAR-002,linear_regression,rmse,25,5,2.54664359036864,2.54664359036864,1.9462109841541646,3.1470761965831158,0.5681227172298637,4.525164463507416,1.2008652124289512,3.957041746277552,3.2951589448359253,WIDENED
HWIN-VAR-002,linear_regression,r2,25,5,0.0033250927925109865,0.0033250927925109865,0.0011561904354700841,0.005493995149551889,-0.0038217852097680617,0.010471970794790035,0.004337804714081805,0.014293756004558096,3.295158944835924,WIDENED
HWIN-VAR-002,linear_regression,mape,25,5,8.109082984924317,8.109082984924317,8.052940542550266,8.165225427298369,7.924084713750528,8.294081256098107,0.11228488474810305,0.36999654234757884,3.2951589448358907,WIDENED
HWIN-VAR-002,linear_regression,medae,25,5,0.451568603515625,0.451568603515625,0.44992296514488583,0.45321424188636417,0.44614596351831853,0.45699124351293147,0.003291276741478333,0.010845279994612933,3.295158944835976,WIDENED
HWIN-VAR-002,random_forest,mae,25,5,0.3775760759661096,0.3775760759661096,0.3716167728069738,0.3835353791252454,0.3579392248562944,0.39721292707592487,0.011918606318271574,0.039273702219630446,3.2951589448359164,WIDENED
HWIN-VAR-002,random_forest,rmse,25,5,2.9357018739405305,2.9357018739405305,2.425971362268928,3.445432385612133,1.256058818950057,4.615344928931005,1.0194610233432053,3.3592861099809483,3.2951589448359244,WIDENED
HWIN-VAR-002,random_forest,r2,25,5,-1.6562372046892508,-1.6562372046892508,-3.0121028192563672,-0.3003715901221342,-6.124029912525543,2.8115555031470407,2.711731229134233,8.935585415672584,3.295158944835925,WIDENED
HWIN-VAR-002,random_forest,mape,25,5,5.189490968683981,5.189490968683981,5.096279963131008,5.2827019742369545,4.882345889978948,5.496636047389012,0.1864220111059467,0.6142901574100641,3.295158944835934,WIDENED
HWIN-VAR-002,random_forest,medae,25,5,0.2484721477031709,0.2484721477031709,0.24664311705806888,0.25030117834827287,0.24244520101258402,0.25449909439375773,0.00365806129020399,0.012053893381173714,3.2951589448359226,WIDENED
HWIN-VAR-002,ridge,mae,25,5,0.5696582913398742,0.5696582913398742,0.5643513661348512,0.5749652165448973,0.5521711292809672,0.5871454533987812,0.010613850410046144,0.03497432411781398,3.295158944835923,WIDENED
HWIN-VAR-002,ridge,rmse,25,5,2.5466202827756526,2.5466202827756526,1.9461771787921243,3.147063386759181,0.5680648178192824,4.525175747732024,1.2008862079670566,3.9571109299127416,3.2951589448359253,WIDENED
HWIN-VAR-002,ridge,r2,25,5,0.003375530242919922,0.003375530242919922,0.0012003984301033276,0.005550662055736516,-0.0037918748062798577,0.010542935292119701,0.004350263625633188,0.01433481009839956,3.295158944835925,WIDENED
HWIN-VAR-002,ridge,mape,25,5,8.107957935333252,8.107957935333252,8.052018372343321,8.163897498323182,7.92362818397677,8.292287686689733,0.11187912597986127,0.3686595027129629,3.2951589448359044,WIDENED
HWIN-VAR-002,ridge,medae,25,5,0.45123744010925293,0.45123744010925293,0.4495838775772599,0.45289100264124593,0.4457886887411106,0.45668619147739525,0.003307125063986005,0.010897502736284648,3.2951589448359497,WIDENED
HWIN-VAR-003,elasticnet,mae,25,5,1.7010928869247437,1.7010928869247437,1.6465300898866184,1.755655683962869,1.5212997982092982,1.8808859756401892,0.10912559407625055,0.35958617743089105,3.295158944835923,WIDENED
HWIN-VAR-003,elasticnet,rmse,25,5,13.15699809064684,13.15699809064684,5.233740230785076,21.0802559505086,-12.951395918518188,39.26539209981187,15.846515719723524,52.21678801833006,3.2951589448359244,WIDENED
HWIN-VAR-003,elasticnet,r2,25,5,0.1548846960067749,0.1548846960067749,0.10714717893661249,0.2026222130769373,-0.002418010371228352,0.31218740238477816,0.09547503414032482,0.3146054127560065,3.2951589448359235,WIDENED
HWIN-VAR-003,elasticnet,mape,25,5,45.13484420776367,45.13484420776367,42.30413521454299,47.96555320098435,35.80720814852505,54.46248026700229,5.661417986441364,18.655272118477242,3.295158944835923,WIDENED
HWIN-VAR-003,elasticnet,medae,25,5,1.1779553413391113,1.1779553413391113,1.1730420657049316,1.182868616973291,1.1617653171846998,1.1941453654935228,0.009826551268359296,0.03238004830882302,3.295158944835933,WIDENED
HWIN-VAR-003,extra_trees,mae,25,5,1.5115283108192332,1.5115283108192332,1.472710932438875,1.5503456891995915,1.3836188792341149,1.6394377424043516,0.07763475676071652,0.2558188631702367,3.29515894483593,WIDENED
HWIN-VAR-003,extra_trees,rmse,25,5,17.12956534980679,17.12956534980679,10.001458894431597,24.25767180518198,-6.35867839636547,40.61780909597905,14.256212910750385,46.97648749234452,3.295158944835924,WIDENED
HWIN-VAR-003,extra_trees,r2,25,5,-3.1636550385306568,-3.1636550385306568,-4.425188416040962,-1.9021216610203517,-7.320608031642813,0.9932979545814984,2.5230667550206105,8.313905986224311,3.295158944835923,WIDENED
HWIN-VAR-003,extra_trees,mape,25,5,35.667354987872535,35.667354987872535,33.01381880629732,38.32089116944775,26.9235315037092,44.41117847203587,5.307072363150425,17.487646968326672,3.2951589448359284,WIDENED
HWIN-VAR-003,extra_trees,medae,25,5,0.9213508031368255,0.9213508031368255,0.9168268770210933,0.9258747292525576,0.9064437475307939,0.9362578587428573,0.009047852231464315,0.029814111212063343,3.2951589448359275,WIDENED
HWIN-VAR-003,gradient_boosting,mae,25,5,1.6157681573212725,1.6157681573212725,1.5465088122571795,1.6850275023853656,1.387547606919848,1.8439887077226966,0.13851869012818607,0.4564411008028486,3.295158944835929,WIDENED
HWIN-VAR-003,gradient_boosting,rmse,25,5,14.842578479687873,14.842578479687873,7.115822941795543,22.569334017580204,-10.618309145558552,40.3034661049343,15.453511075784661,50.92177525049286,3.2951589448359244,WIDENED
HWIN-VAR-003,gradient_boosting,r2,25,5,-0.8588884959227119,-0.8588884959227119,-1.6782492998202023,-0.03952769202522144,-3.558812577933481,1.8410355860880578,1.6387216077949809,5.399848164021539,3.2951589448359244,WIDENED
HWIN-VAR-003,gradient_boosting,mape,25,5,39.89905975791101,39.89905975791101,37.26064772927371,42.537471786548316,31.205072761584113,48.593046754237925,5.2768240572746095,17.387973992653812,3.295158944835922,WIDENED
HWIN-VAR-003,gradient_boosting,medae,25,5,1.0410379538206178,1.0410379538206178,1.03463961622833,1.0474362914129056,1.0199544144713104,1.0621214931699252,0.012796675184575612,0.0421670786986148,3.295158944835969,WIDENED
HWIN-VAR-003,lasso,mae,25,5,1.7051324367523193,1.7051324367523193,1.6507741286075044,1.7594907448971342,1.5260131714427847,1.8842517020618539,0.10871661628962981,0.3582385306190692,3.2951589448359293,WIDENED
HWIN-VAR-003,lasso,rmse,25,5,13.159672225061003,13.159672225061003,5.237036319422955,21.08230813069905,-12.946672346080465,39.26601679620248,15.845271811276096,52.21268914228294,3.2951589448359235,WIDENED
HWIN-VAR-003,lasso,r2,25,5,0.15358226299285888,0.15358226299285888,0.10622362887090987,0.2009408971148079,-0.0024719638492932128,0.30963648983501096,0.09471726824389802,0.3121084536843042,3.295158944835924,WIDENED
HWIN-VAR-003,lasso,mape,25,5,45.20001449584961,45.20001449584961,42.39481050161597,48.005218490083244,35.956421462161174,54.44360752953804,5.610407988467273,18.487186067376868,3.2951589448359258,WIDENED
HWIN-VAR-003,lasso,medae,25,5,1.180497694015503,1.180497694015503,1.1762225792929986,1.1847728087380074,1.166410511497443,1.194584876533563,0.008550229445008828,0.02817436503611992,3.295158944835875,WIDENED
HWIN-VAR-003,linear_regression,mae,25,5,2.0037322282791137,2.0037322282791137,1.94849238605014,2.058972070508087,1.8217081680469858,2.1857562885112416,0.1104796844579472,0.36404812046425583,3.29515894483593,WIDENED
HWIN-VAR-003,linear_regression,rmse,25,5,13.321267393347052,13.321267393347052,5.42960996376336,21.212924822930745,-12.68299817532653,39.32553296202063,15.783314859167385,52.00853113734716,3.295158944835924,WIDENED
HWIN-VAR-003,linear_regression,r2,25,5,0.07452949285507202,0.07452949285507202,0.051576662449650215,0.09748232326049382,-0.0011037315646555967,0.15016271727479963,0.0459056608108436,0.15126644883945523,3.295158944835924,WIDENED
HWIN-VAR-003,linear_regression,mape,25,5,49.70298614501953,49.70298614501953,47.07637191933869,52.32960037070037,41.04787478463402,58.35809750540504,5.253228451361679,17.310222720771023,3.2951589448359275,WIDENED
HWIN-VAR-003,linear_regression,medae,25,5,1.4894485473632812,1.4894485473632812,1.4818410155815473,1.4970560791450152,1.4643805209645773,1.5145165737619852,0.015215063563467801,0.05013605279740796,3.2951589448359164,WIDENED
HWIN-VAR-003,random_forest,mae,25,5,1.5030948841325957,1.5030948841325957,1.4517463344897712,1.5544434337754203,1.333893251472691,1.6722965167925,0.10269709928564907,0.3384032653198088,3.295158944835917,WIDENED
HWIN-VAR-003,random_forest,rmse,25,5,20.537819650991487,20.537819650991487,12.529583006285097,28.546056295697877,-5.850592961175604,46.92623226315858,16.01647328941278,52.77682522433419,3.295158944835925,WIDENED
HWIN-VAR-003,random_forest,r2,25,5,-11.510335394990053,-11.510335394990053,-20.364809649374145,-2.6558611406059605,-40.68723543614319,17.66656464616309,17.708948508768184,58.35380008230628,3.295158944835924,WIDENED
HWIN-VAR-003,random_forest,mape,25,5,34.1419874638343,34.1419874638343,31.536772912828543,36.747202014840056,25.557391432870975,42.72658349479762,5.210429102011513,17.169192061926648,3.2951589448359235,WIDENED
HWIN-VAR-003,random_forest,medae,25,5,0.8959928788985526,0.8959928788985526,0.8927861712835914,0.8991995865135138,0.8854262676176397,0.9065594901794654,0.006413415229922448,0.021133222561825704,3.2951589448358938,WIDENED
HWIN-VAR-003,ridge,mae,25,5,1.6884015560150147,1.6884015560150147,1.6347726300900294,1.74203048194,1.5116857210513563,1.8651173909786731,0.10725785184997072,0.3534316699273168,3.2951589448359186,WIDENED
HWIN-VAR-003,ridge,rmse,25,5,13.151287396173311,13.151287396173311,5.227083697125328,21.075491095221295,-12.960223303446567,39.26279809579318,15.848407398095969,52.22302139923975,3.295158944835923,WIDENED
HWIN-VAR-003,ridge,r2,25,5,0.15746039152145386,0.15746039152145386,0.10888866794141436,0.20603211510149336,-0.002591157899411306,0.31751194094231905,0.097143447160079,0.3201030988417304,3.2951589448359253,WIDENED
HWIN-VAR-003,ridge,mape,25,5,44.64013748168945,44.64013748168945,41.7089708907979,47.571304072581,34.98147767090894,54.29879729246996,5.8623331817831,19.317319621561026,3.295158944835924,WIDENED
HWIN-VAR-003,ridge,medae,25,5,1.165147066116333,1.165147066116333,1.1617094517189257,1.1685846805137403,1.1538195802858198,1.1764745519468462,0.006875228794814614,0.02265497166102648,3.295158944835865,WIDENED
HWIN-VAR-008,elasticnet,mae,25,5,1.288908100128174,1.288908100128174,1.2770138261099884,1.3008023741463595,1.2497145767048206,1.3281016235515273,0.023788548036371093,0.07838704684670672,3.2951589448359013,WIDENED
HWIN-VAR-008,elasticnet,rmse,25,5,2.6299520972891623,2.6299520972891623,2.512756318294246,2.7471478762840786,2.24377337783705,3.0161308167412746,0.23439155798983258,0.7723574389042245,3.2951589448359218,WIDENED
HWIN-VAR-008,elasticnet,r2,25,5,0.03290389776229859,0.03290389776229859,0.030879598234815335,0.03492819728978184,0.026233509067285013,0.03957428645731216,0.0040485990549665035,0.013340777390027148,3.2951589448359253,WIDENED
HWIN-VAR-008,elasticnet,mape,25,5,1080.5828002929688,1080.5828002929688,1013.875106778297,1147.2904938076406,860.7703473187246,1300.395253267213,133.4153870293436,439.6249059484885,3.2951589448359258,WIDENED
HWIN-VAR-008,elasticnet,medae,25,5,0.8872326254844666,0.8872326254844666,0.880323673382317,0.8941415775866162,0.8644665301656255,0.9099987208033077,0.01381790420429918,0.04553219063768221,3.295158944835913,WIDENED
HWIN-VAR-008,extra_trees,mae,25,5,0.8590140944719955,0.8590140944719955,0.844445718110418,0.873582470833573,0.811008978792407,0.9070192101515838,0.02913675272315497,0.09601023135917686,3.295158944835934,WIDENED
HWIN-VAR-008,extra_trees,rmse,25,5,2.222528746886971,2.222528746886971,2.0875175975338784,2.3575398962400635,1.77764555044355,2.667411943330393,0.2700222987061851,0.8897663928868429,3.2951589448359213,WIDENED
HWIN-VAR-008,extra_trees,r2,25,5,0.31082645041138507,0.31082645041138507,0.27886607583984646,0.3427868249829237,0.20551193626167313,0.4161409645610971,0.06392074914307722,0.21062902829942398,3.2951589448359218,WIDENED
HWIN-VAR-008,extra_trees,mape,25,5,389.861298050793,389.861298050793,381.1061664223603,398.6164296792257,361.011747752147,418.71084834943895,17.510263256865414,57.69910059729193,3.295158944835926,WIDENED
HWIN-VAR-008,extra_trees,medae,25,5,0.387909211667565,0.387909211667565,0.38194734285011306,0.3938710804850169,0.36826390630579997,0.40755451702933,0.011923737634903842,0.03929061072353002,3.2951589448359138,WIDENED
HWIN-VAR-008,gradient_boosting,mae,25,5,1.0466618979401054,1.0466618979401054,1.0270630896769026,1.0662607062033083,0.9820807095834886,1.1112430862967222,0.03919761652640563,0.1291623767132336,3.295158944835915,WIDENED
HWIN-VAR-008,gradient_boosting,rmse,25,5,2.4939801706579328,2.4939801706579328,2.373034448055511,2.6149258932603545,2.0954447909849176,2.892515550330947,0.2418914452048435,0.7970707593460293,3.2951589448359258,WIDENED
HWIN-VAR-008,gradient_boosting,r2,25,5,0.11988262299594467,0.11988262299594467,0.05202327246842403,0.1877419735234653,-0.10372472288557139,0.3434899688774607,0.13571870105504127,0.4472146917630321,3.2951589448359244,WIDENED
HWIN-VAR-008,gradient_boosting,mape,25,5,631.2598529606735,631.2598529606735,615.7189608375318,646.8007450838152,580.0501432703729,682.4695626509742,31.081784246283405,102.41941938060131,3.295158944835932,WIDENED
HWIN-VAR-008,gradient_boosting,medae,25,5,0.6280760323866652,0.6280760323866652,0.622440772123409,0.6337112926499214,0.6095069541237179,0.6466451106496125,0.01127052052651245,0.03713815652589458,3.2951589448359413,WIDENED
HWIN-VAR-008,lasso,mae,25,5,1.2904925346374512,1.2904925346374512,1.278660140295834,1.3023249289790684,1.2515029145838457,1.3294821546910567,0.023664788683234406,0.07797924010721102,3.295158944835891,WIDENED
HWIN-VAR-008,lasso,rmse,25,5,2.6311442567658965,2.6311442567658965,2.5140132992396484,2.7482752142921445,2.245179134356082,3.017109379175709,0.23426191505249605,0.771930244819627,3.2951589448359293,WIDENED
HWIN-VAR-008,lasso,r2,25,5,0.032006466388702394,0.032006466388702394,0.030040359947645486,0.0339725728297593,0.02552783316295419,0.038485099614450596,0.003932212882113817,0.012957266451496405,3.295158944835927,WIDENED
HWIN-VAR-008,lasso,mape,25,5,1085.8872314453124,1085.8872314453124,1019.2975452299655,1152.4769176606594,866.4636312789945,1305.3108316116304,133.1793724306939,438.8472003326359,3.295158944835925,WIDENED
HWIN-VAR-008,lasso,medae,25,5,0.8888311266899109,0.8888311266899109,0.8821498887612992,0.8955123646185227,0.8668153857668688,0.9108468676129531,0.0133624758572235,0.0440314818460843,3.295158944835939,WIDENED
HWIN-VAR-008,linear_regression,mae,25,5,1.290407371520996,1.290407371520996,1.2785337088495832,1.302281034192409,1.2512817657613255,1.3295329772806666,0.023747325342825754,0.078251211519341,3.2951589448359195,WIDENED
HWIN-VAR-008,linear_regression,rmse,25,5,2.631126692023877,2.631126692023877,2.5140066307166617,2.748246753331092,2.2451974743876746,3.0170559096600784,0.2342401226144304,0.7718584352724038,3.2951589448359235,WIDENED
HWIN-VAR-008,linear_regression,r2,25,5,0.03201689720153809,0.03201689720153809,0.03002760208846206,0.03400619231461411,0.025461853615767232,0.038571940787308946,0.003978590226152049,0.013110087171541714,3.295158944835926,WIDENED
HWIN-VAR-008,linear_regression,mape,25,5,1084.7632446289062,1084.7632446289062,1017.2325346248734,1152.293954632939,862.2388215079968,1307.2876677498157,135.0614200080655,445.04884624181886,3.2951589448359253,WIDENED
HWIN-VAR-008,linear_regression,medae,25,5,0.8873863458633423,0.8873863458633423,0.8806054554752698,0.8941672362514148,0.8650422342471331,0.9097304574795515,0.013561780776145005,0.04468822323241839,3.2951589448359457,WIDENED
HWIN-VAR-008,random_forest,mae,25,5,0.8382441243651343,0.8382441243651343,0.8222132318190976,0.854275016911171,0.7854197853983578,0.8910684633319108,0.03206178509207347,0.10564867793355304,3.295158944835926,WIDENED
HWIN-VAR-008,random_forest,rmse,25,5,2.1808023648052415,2.1808023648052415,2.091976074664215,2.269628654946268,1.888105620310446,2.473499109300036,0.17765258028205277,0.58539348898959,3.2951589448359333,WIDENED
HWIN-VAR-008,random_forest,r2,25,5,0.32926711533169173,0.32926711533169173,0.2976442883777619,0.36088994228562155,0.22506487423345145,0.4334693564299321,0.06324565390785963,0.20840448219648067,3.295158944835922,WIDENED
HWIN-VAR-008,random_forest,mape,25,5,357.61753412507903,357.61753412507903,352.64079762480725,362.5942706253508,341.218396330117,374.01667192004106,9.953473000543568,32.79827558992406,3.2951589448359297,WIDENED
HWIN-VAR-008,random_forest,medae,25,5,0.3407328589369776,0.3407328589369776,0.3340248670555336,0.3474408508184216,0.3186289594869507,0.36283675838700447,0.013415983762887995,0.044207798900053774,3.295158944835915,WIDENED
HWIN-VAR-008,ridge,mae,25,5,1.287070393562317,1.287070393562317,1.2750173882384717,1.2991233988861621,1.247353825257293,1.3267869618673407,0.024106010647690468,0.07943313661004758,3.295158944835937,WIDENED
HWIN-VAR-008,ridge,rmse,25,5,2.628420764483679,2.628420764483679,2.511019233627394,2.7458222953399636,2.2415640599451616,3.015277469022195,0.2348030617125696,0.7737134090770335,3.295158944835917,WIDENED
HWIN-VAR-008,ridge,r2,25,5,0.03407804965972901,0.03407804965972901,0.0319469679620144,0.036209131357443615,0.027055796741328575,0.04110030257812944,0.0042621633954292165,0.014044505836800864,3.29515894483593,WIDENED
HWIN-VAR-008,ridge,mape,25,5,1068.0490844726562,1068.0490844726562,1001.8504177703405,1134.2477511749719,849.9139557523085,1286.1842131930039,132.39733340463135,436.27025744069533,3.2951589448359258,WIDENED
HWIN-VAR-008,ridge,medae,25,5,0.8916771411895752,0.8916771411895752,0.8848487143412179,0.8985055680379325,0.869176389381053,0.9141778929980974,0.013656853696714544,0.04500150361704436,3.2951589448359146,WIDENED
HWIN-VAR-009,elasticnet,mae,25,5,0.3918169438838959,0.3918169438838959,0.38226627868672397,0.4013676090810678,0.3603459840303017,0.42328790373749003,0.019101330394343807,0.06294191970718832,3.295158944835925,WIDENED
HWIN-VAR-009,elasticnet,rmse,25,5,2.0920235172069415,2.0920235172069415,1.964893237682429,2.2191537967314536,1.6731090394722528,2.5109379949416293,0.25426055904902456,0.8378289554693765,3.295158944835926,WIDENED
HWIN-VAR-009,elasticnet,r2,25,5,0.001003897190093994,0.001003897190093994,0.0005330404292593362,0.0014747539509286519,-0.0005476506771067975,0.0025554450572947856,0.0009417135216693157,0.003103095734401583,3.2951589448359226,WIDENED
HWIN-VAR-009,elasticnet,mape,25,5,993.8938598632812,993.8938598632812,982.6581112357636,1005.1296084907989,956.8702822713886,1030.917437455174,22.471497255035274,74.04715518378532,3.295158944835921,WIDENED
HWIN-VAR-009,elasticnet,medae,25,5,0.24397847652435303,0.24397847652435303,0.24079165582693843,0.24716529722176764,0.233477395797679,0.25447955725102706,0.00637364139482921,0.021002161453348045,3.295158944835933,WIDENED
HWIN-VAR-009,extra_trees,mae,25,5,0.3589001523976141,0.3589001523976141,0.3426803515298835,0.37511995326534464,0.30545333048485435,0.41234697431037404,0.03243960173546112,0.10689364382551969,3.2951589448359244,WIDENED
HWIN-VAR-009,extra_trees,rmse,25,5,2.3152336533296576,2.3152336533296576,2.2643619748917367,2.3661053317675784,2.147603387086125,2.48286391957319,0.10174335687584168,0.335260532487065,3.2951589448359404,WIDENED
HWIN-VAR-009,extra_trees,r2,25,5,-0.3298921602200525,-0.3298921602200525,-0.5564821473908937,-0.10330217304921133,-1.0765421832563074,0.4167578628162022,0.45317997434168245,1.4933000460725094,3.295158944835924,WIDENED
HWIN-VAR-009,extra_trees,mape,25,5,506.8531801780706,506.8531801780706,488.5788106127937,525.1275497433476,446.636227843811,567.0701325123302,36.548739130553884,120.43390466851923,3.29515894483592,WIDENED
HWIN-VAR-009,extra_trees,medae,25,5,0.05977454279991799,0.05977454279991799,0.058331380099171784,0.0612177055006642,0.05501909231770055,0.06452999328213542,0.002886325401492418,0.009510900964434868,3.29515894483592,WIDENED
HWIN-VAR-009,gradient_boosting,mae,25,5,0.3700530568530352,0.3700530568530352,0.35625504810404096,0.3838510656020294,0.3245864249028626,0.4155196888032079,0.027596017497988456,0.09093326390034528,3.295158944835922,WIDENED
HWIN-VAR-009,gradient_boosting,rmse,25,5,2.1248301743033853,2.1248301743033853,2.0179704361522175,2.231689912454553,1.77271035229174,2.4769499963150308,0.21371947630233556,0.7042396440232908,3.295158944835926,WIDENED
HWIN-VAR-009,gradient_boosting,r2,25,5,-0.04472363055991977,-0.04472363055991977,-0.09275351708731888,0.0033062559674793476,-0.2029897407701334,0.11354247965029388,0.09605977305479824,0.3165322204204273,3.295158944835924,WIDENED
HWIN-VAR-009,gradient_boosting,mape,25,5,686.9027014227862,686.9027014227862,673.0784590054832,700.7269438400892,641.3496253658299,732.4557774797426,27.64848483460605,91.10615211391269,3.2951589448359297,WIDENED
HWIN-VAR-009,gradient_boosting,medae,25,5,0.13462491999642165,0.13462491999642165,0.13205730941742616,0.13719253057541714,0.12616423503018928,0.14308560496265402,0.005135221157990977,0.016921369932464736,3.295158944835939,WIDENED
HWIN-VAR-009,lasso,mae,25,5,0.39205801486968994,0.39205801486968994,0.38252834736895397,0.4015876823704259,0.36065624576332767,0.4234597839760522,0.019059335001471944,0.06280353821272455,3.295158944835917,WIDENED
HWIN-VAR-009,lasso,rmse,25,5,2.092048676779184,2.092048676779184,1.964925409419243,2.219171944139125,1.6731573052413062,2.5109400483170616,0.2542465347198819,0.8377827430757554,3.295158944835921,WIDENED
HWIN-VAR-009,lasso,r2,25,5,0.0009775280952453614,0.0009775280952453614,0.0005313325130779274,0.0014237236774127953,-0.0004927572684799313,0.002447813458970654,0.000892391164334868,0.0029405707274505854,3.2951589448359244,WIDENED
HWIN-VAR-009,lasso,mape,25,5,994.5133422851562,994.5133422851562,983.3846809581856,1005.6420036121268,957.8426343695393,1031.184050200773,22.257322653941173,73.3414158312338,3.2951589448359373,WIDENED
HWIN-VAR-009,lasso,medae,25,5,0.245646932721138,0.245646932721138,0.2425413528206554,0.2487525126216206,0.2354135533331601,0.2558803121091159,0.006211159800965205,0.020466758775955773,3.2951589448359178,WIDENED
HWIN-VAR-009,linear_regression,mae,25,5,0.39127504229545595,0.39127504229545595,0.381664376039969,0.4008857085509429,0.3596063694178554,0.4229437151730565,0.01922133251097391,0.06333734575520111,3.2951589448359178,WIDENED
HWIN-VAR-009,linear_regression,rmse,25,5,2.0920076613376235,2.0920076613376235,1.964873311677699,2.219142010997548,1.673079771859825,2.510935550815421,0.25426869931984886,0.8378557789555963,3.2951589448359253,WIDENED
HWIN-VAR-009,linear_regression,r2,25,5,0.0010202407836914062,0.0010202407836914062,0.0005298771258879043,0.0015106044414949082,-0.0005955854095422652,0.0026360669769250776,0.0009807273156070039,0.0032316523864673427,3.2951589448359235,WIDENED
HWIN-VAR-009,linear_regression,mape,25,5,991.4182250976562,991.4182250976562,980.0995708595918,1002.7368793357206,954.1214603415932,1028.714989853719,22.637308476128737,74.59352951212588,3.2951589448359324,WIDENED
HWIN-VAR-009,linear_regression,medae,25,5,0.2417129546403885,0.2417129546403885,0.23847729723336517,0.24494861204741183,0.23105094919321092,0.2523749600875661,0.006471314814046669,0.021324010894355178,3.295158944835935,WIDENED
HWIN-VAR-009,random_forest,mae,25,5,0.35600489386405265,0.35600489386405265,0.3393563229816994,0.3726534647464059,0.3011452066023313,0.410864581125774,0.03329714176470655,0.10971937452344271,3.295158944835927,WIDENED
HWIN-VAR-009,random_forest,rmse,25,5,2.151173897793099,2.151173897793099,2.040311282441889,2.262036513144309,1.7858639591706544,2.5164838364155435,0.22172523070242,0.7306198772448891,3.2951589448359284,WIDENED
HWIN-VAR-009,random_forest,r2,25,5,-0.06767651151892243,-0.06767651151892243,-0.10631888883629566,-0.029034134201549197,-0.19500928678598964,0.05965626374814478,0.07728475463474646,0.2546655505341344,3.295158944835924,WIDENED
HWIN-VAR-009,random_forest,mape,25,5,517.4932048553346,517.4932048553346,483.9758554009042,551.010554309765,407.04821099337676,627.9381987172925,67.03469890886078,220.88998772391574,3.295158944835927,WIDENED
HWIN-VAR-009,random_forest,medae,25,5,0.054418252337646356,0.054418252337646356,0.05280956874040471,0.056026935934888,0.049117384192784726,0.05971912048250801,0.0032173671944832893,0.010601736289723288,3.2951589448359284,WIDENED
HWIN-VAR-009,ridge,mae,25,5,0.39073445200920104,0.39073445200920104,0.3811266798492373,0.40034222416916476,0.359075315636351,0.4223935883820511,0.019215544319927447,0.06331827274570012,3.295158944835927,WIDENED
HWIN-VAR-009,ridge,rmse,25,5,2.091936453153933,2.091936453153933,1.9647946124548266,2.2190782938530393,1.6729838795113687,2.510889026796498,0.2542836813982128,0.8379051472851293,3.295158944835925,WIDENED
HWIN-VAR-009,ridge,r2,25,5,0.001092839241027832,0.001092839241027832,0.000593536099055598,0.001592142383000066,-0.0005524439734266565,0.00273812245548232,0.0009986062839444682,0.003290566428908977,3.295158944835924,WIDENED
HWIN-VAR-009,ridge,mape,25,5,989.72626953125,989.72626953125,978.3595581941661,1001.0929808683338,952.2711489954901,1027.1813900670097,22.73342267416774,74.91024107151964,3.2951589448359235,WIDENED
HWIN-VAR-009,ridge,medae,25,5,0.23894273936748506,0.23894273936748506,0.23605452443848293,0.24183095429648718,0.22942561210957504,0.24845986662539507,0.005776429858004251,0.019034254515820026,3.295158944835926,WIDENED
HWIN-VAR-010,elasticnet,mae,25,5,0.39889471530914306,0.39889471530914306,0.3850961477256905,0.4126932828925956,0.35342624191060634,0.44436318870767977,0.027597135166905096,0.09093694679707343,3.295158944835926,WIDENED
HWIN-VAR-010,elasticnet,rmse,25,5,4.633897356094538,4.633897356094538,2.3784164956361233,6.889378216552952,-2.798270576151232,12.066065288340308,4.5109617209168285,14.86433586449154,3.295158944835924,WIDENED
HWIN-VAR-010,elasticnet,r2,25,5,0.002614450454711914,0.002614450454711914,0.001555877863672582,0.0036730230457512458,-0.0008737144874094807,0.006102615396833308,0.0021171451820786637,0.006976329884242788,3.295158944835923,WIDENED
HWIN-VAR-010,elasticnet,mape,25,5,1359.6774169921875,1359.6774169921875,1292.1725109181646,1427.1823230662105,1137.238021922062,1582.116812062313,135.00981214804597,444.8787901402511,3.2951589448359213,WIDENED
HWIN-VAR-010,elasticnet,medae,25,5,0.267685604095459,0.267685604095459,0.2635691594080112,0.2718020487829068,0.25412126456269307,0.2812499436282249,0.008232889374895636,0.027128679065531847,3.295158944835906,WIDENED
HWIN-VAR-010,extra_trees,mae,25,5,0.35091887556323215,0.35091887556323215,0.3371767279006878,0.3646610232257765,0.30563631477174297,0.3962014363547212,0.02748429532508867,0.09056512158297825,3.2951589448359293,WIDENED
HWIN-VAR-010,extra_trees,rmse,25,5,6.002855160894949,6.002855160894949,3.9594145534865257,8.046295768303374,-0.7306064348478714,12.73631675663777,4.086881214816848,13.466923191485641,3.2951589448359235,WIDENED
HWIN-VAR-010,extra_trees,r2,25,5,-2.4749476142620583,-2.4749476142620583,-3.300010341680581,-1.6498848868435356,-5.193660440565927,0.24376521204181145,1.6501254548370454,5.437425652607739,3.2951589448359244,WIDENED
HWIN-VAR-010,extra_trees,mape,25,5,667.1971152307274,667.1971152307274,619.8033628626782,714.5908675987765,511.02716818581126,823.3670622756433,94.7875047360983,312.33989408983206,3.2951589448359266,WIDENED
HWIN-VAR-010,extra_trees,medae,25,5,0.08672204821621259,0.08672204821621259,0.0853739259786206,0.08807017045380457,0.08227977116627916,0.09116432526614601,0.002696244475183962,0.008884554099866854,3.2951589448359164,WIDENED
HWIN-VAR-010,gradient_boosting,mae,25,5,0.3696335767368633,0.3696335767368633,0.35786132333405757,0.38140583013966906,0.33084213063573287,0.40842502283799376,0.023544506805611487,0.07758289220226089,3.29515894483592,WIDENED
HWIN-VAR-010,gradient_boosting,rmse,25,5,4.744908773556429,4.744908773556429,2.5174102378082788,6.97240730930458,-2.5950529511230114,12.084870498235869,4.454997071496301,14.679923449358881,3.2951589448359235,WIDENED
HWIN-VAR-010,gradient_boosting,r2,25,5,-0.19184881057408154,-0.19184881057408154,-0.2956469477610697,-0.0880506733870934,-0.5338801707830919,0.1501825496349288,0.20759627437397632,0.6840627204180207,3.295158944835924,WIDENED
HWIN-VAR-010,gradient_boosting,mape,25,5,1094.1369031445051,1094.1369031445051,1017.1628823145061,1171.1109239745042,840.495269886547,1347.7785364024633,153.94804165999813,507.28326651591624,3.2951589448359235,WIDENED
HWIN-VAR-010,gradient_boosting,medae,25,5,0.15201824789345578,0.15201824789345578,0.14846565825180238,0.15557083753510917,0.1403119003584302,0.16372459542848136,0.007105179283306784,0.02341269507005117,3.295158944835913,WIDENED
HWIN-VAR-010,lasso,mae,25,5,0.3988237798213959,0.3988237798213959,0.3850687425947412,0.41257881704805055,0.3534987458674336,0.4441488137753582,0.02751007445330933,0.09065006790792463,3.2951589448359293,WIDENED
HWIN-VAR-010,lasso,rmse,25,5,4.633916442670611,4.633916442670611,2.3784462212358886,6.889386664105334,-2.7982164323010794,12.066049317642303,4.510940442869446,14.864265749943382,3.295158944835925,WIDENED
HWIN-VAR-010,lasso,r2,25,5,0.002570807933807373,0.002570807933807373,0.0015320130133515844,0.003609602854263162,-0.0008521864401826412,0.005993802307797388,0.0020775898409115777,0.006845988747980029,3.295158944835924,WIDENED
HWIN-VAR-010,lasso,mape,25,5,1369.8593994140624,1369.8593994140624,1301.809654522819,1437.9091443053057,1145.6246738418793,1594.0941249862456,136.09948978248667,448.4694511443663,3.295158944835923,WIDENED
HWIN-VAR-010,lasso,medae,25,5,0.26674710512161254,0.26674710512161254,0.26261657830952817,0.2708776319336969,0.2531363627498881,0.280357847493337,0.008261053624168735,0.027221484743448876,3.295158944835929,WIDENED
HWIN-VAR-010,linear_regression,mae,25,5,0.39905192255973815,0.39905192255973815,0.38521975737787323,0.41288408774160307,0.35347273973426785,0.44463110538520845,0.02766433036372984,0.0911583656509406,3.29515894483593,WIDENED
HWIN-VAR-010,linear_regression,rmse,25,5,4.6339000879908365,4.6339000879908365,2.3784132350784453,6.889386940903227,-2.798287590343258,12.06608776632493,4.510973705824782,14.864375356668187,3.2951589448359244,WIDENED
HWIN-VAR-010,linear_regression,r2,25,5,0.00262906551361084,0.00262906551361084,0.0015567143366990485,0.003701416690522631,-0.0009045020589953799,0.00616263308621706,0.0021447023538235825,0.00706713514521244,3.2951589448359244,WIDENED
HWIN-VAR-010,linear_regression,mape,25,5,1353.2048583984374,1353.2048583984374,1284.4391628662454,1421.9705539306294,1126.610961667671,1579.7987551292038,137.53139106438402,453.1877934615327,3.2951589448359253,WIDENED
HWIN-VAR-010,linear_regression,medae,25,5,0.26821414232254026,0.26821414232254026,0.2641333253269365,0.272294959318144,0.2547672016972381,0.2816610829478424,0.008161633991207506,0.026893881250604323,3.295158944835922,WIDENED
HWIN-VAR-010,random_forest,mae,25,5,0.34938988942633953,0.34938988942633953,0.3294337934069797,0.36934598544569935,0.28363138112414155,0.4151483977285376,0.03991219203871965,0.13151701660439608,3.2951589448359204,WIDENED
HWIN-VAR-010,random_forest,rmse,25,5,5.549544037270547,5.549544037270547,3.409093523047739,7.6899945514933545,-1.5035806206493918,12.602668695190484,4.280901028445616,14.106249315839875,3.2951589448359235,WIDENED
HWIN-VAR-010,random_forest,r2,25,5,-1.1333867597751155,-1.1333867597751155,-1.543705266919802,-0.723068252630429,-2.4854514588246523,0.21867793927442114,0.820637014289373,2.7041293980990737,3.2951589448359244,WIDENED
HWIN-VAR-010,random_forest,mape,25,5,598.3958189535645,598.3958189535645,548.920209819988,647.8714280871409,435.36582296585425,761.4258149412747,98.95121826715285,326.0599919754204,3.295158944835922,WIDENED
HWIN-VAR-010,random_forest,medae,25,5,0.07439340182556771,0.07439340182556771,0.07355792031679921,0.07522888333433621,0.07164035745870422,0.07714644619243123,0.0016709630175369972,0.005506088733727016,3.2951589448358956,WIDENED
HWIN-VAR-010,ridge,mae,25,5,0.39971283078193665,0.39971283078193665,0.38600354815554244,0.41342211340833085,0.3545385655082901,0.4448870960555832,0.027418565252788407,0.09034853054729308,3.2951589448359204,WIDENED
HWIN-VAR-010,ridge,rmse,25,5,4.634176193902443,4.634176193902443,2.3788075484220776,6.889544839382808,-2.797621972154664,12.065974359959547,4.51073729096073,14.863596332114211,3.2951589448359235,WIDENED
HWIN-VAR-010,ridge,r2,25,5,0.0020330071449279783,0.0020330071449279783,0.0013567036025524525,0.0027093106873035044,-0.0001955205221549571,0.004261534812010914,0.001352607084751052,0.004457055334165872,3.2951589448359244,WIDENED
HWIN-VAR-010,ridge,mape,25,5,1349.004296875,1349.004296875,1282.9644566933716,1415.0441370566282,1131.3925267849727,1566.6160669650271,132.07968036325656,435.22354018005444,3.295158944835923,WIDENED
HWIN-VAR-010,ridge,medae,25,5,0.2607490837574005,0.2607490837574005,0.25707223639806714,0.2644259311167339,0.2486332872924968,0.2728648802223042,0.007353694718666759,0.024231592929807394,3.295158944835914,WIDENED
HWIN-VAR-014,elasticnet,mae,25,5,17.81208381652832,17.81208381652832,17.107129825866732,18.51703780718991,15.489148368502004,20.13501926455464,1.4099079813231796,4.645870896052635,3.295158944835923,WIDENED
HWIN-VAR-014,elasticnet,rmse,25,5,378.6513395616887,378.6513395616887,276.7166357694882,480.5860433538892,42.7602885716189,714.5423905517587,203.86940758440096,671.7821019801397,3.2951589448359244,WIDENED
HWIN-VAR-014,elasticnet,r2,25,5,0.0008088469505310059,0.0008088469505310059,0.00034822239410524104,0.0012694715069567707,-0.0007089841767864331,0.002326678077848445,0.0009212491128515296,0.003035662254634878,3.295158944835925,WIDENED
HWIN-VAR-014,elasticnet,mape,25,5,48.004912567138675,48.004912567138675,43.817260096605565,52.192565037671784,34.20593207099725,61.8038930632801,8.375304941066219,27.59796099228285,3.2951589448359226,WIDENED
HWIN-VAR-014,elasticnet,medae,25,5,9.379650115966797,9.379650115966797,9.327835403374499,9.431464828559095,9.20891240229418,9.550387829639414,0.10362942518459661,0.34147542734523384,3.2951589448359737,WIDENED
HWIN-VAR-014,extra_trees,mae,25,5,18.652100724624667,18.652100724624667,17.870560802654833,19.4336406465945,16.076802459999403,21.22739898924993,1.5630798439396685,5.150596529250528,3.2951589448359173,WIDENED
HWIN-VAR-014,extra_trees,rmse,25,5,453.6459211685775,453.6459211685775,372.6119123074366,534.6799300297184,186.6259820338754,720.6658603032794,162.0680177222818,534.039878269404,3.295158944835924,WIDENED
HWIN-VAR-014,extra_trees,r2,25,5,-1.740275893103777,-1.740275893103777,-2.608430864398691,-0.8721209218088627,-4.600984512269989,1.1204327260624356,1.7363099425898283,5.721417238332425,3.2951589448359253,WIDENED
HWIN-VAR-014,extra_trees,mape,25,5,34.378505512878114,34.378505512878114,31.464141657908034,37.2928693678482,24.775213387666945,43.98179763808928,5.828727709940164,19.20658425042234,3.295158944835923,WIDENED
HWIN-VAR-014,extra_trees,medae,25,5,7.738629223505657,7.738629223505657,7.68215490145453,7.795103545556784,7.552537356045341,7.924721090965968,0.11294864410225358,0.3721837349206272,3.295158944835897,WIDENED
HWIN-VAR-014,gradient_boosting,mae,25,5,22.47161927074801,22.47161927074801,20.889206118643436,24.054032422852586,17.257316418164613,27.68592212333141,3.16482630420915,10.428605705166795,3.2951589448359226,WIDENED
HWIN-VAR-014,gradient_boosting,rmse,25,5,556.6575940936026,556.6575940936026,502.3220776262765,610.9931105609287,377.61343098401346,735.7017572031917,108.6710329346522,358.08832621917827,3.2951589448359218,WIDENED
HWIN-VAR-014,gradient_boosting,r2,25,5,-12.392457994868126,-12.392457994868126,-21.280094833943853,-3.504821155792399,-41.67863402360178,16.893718033865532,17.775273678151454,58.57235205746731,3.295158944835924,WIDENED
HWIN-VAR-014,gradient_boosting,mape,25,5,45.189671785676346,45.189671785676346,41.48893833263119,48.8904052387215,32.99516684542106,57.38417672593162,7.401466906090306,24.389009880510557,3.2951589448359258,WIDENED
HWIN-VAR-014,gradient_boosting,medae,25,5,9.600586867452767,9.600586867452767,9.470960280157882,9.730213454747652,9.173446658839474,10.027727076066057,0.2592531745897695,0.8542804172265832,3.295158944835904,WIDENED
HWIN-VAR-014,lasso,mae,25,5,17.81141052246094,17.81141052246094,17.106669773857863,18.516151271064015,15.489177740911154,20.133643304010725,1.4094814972061513,4.644465563099571,3.2951589448359173,WIDENED
HWIN-VAR-014,lasso,rmse,25,5,378.65121443046183,378.65121443046183,276.716470903606,480.58595795731765,42.76003250838721,714.5423963525366,203.86948705371162,671.7823638441494,3.2951589448359235,WIDENED
HWIN-VAR-014,lasso,r2,25,5,0.0008098244667053223,0.0008098244667053223,0.0003493278161982769,0.0012703211172123677,-0.0007075851902799507,0.002327234123690595,0.0009209933010140908,0.003034819313970546,3.295158944835924,WIDENED
HWIN-VAR-014,lasso,mape,25,5,47.99898910522461,47.99898910522461,43.81800092397618,52.17997728647304,34.22196850153057,61.77600970891865,8.361976362496861,27.55404120738808,3.295158944835922,WIDENED
HWIN-VAR-014,lasso,medae,25,5,9.37859878540039,9.37859878540039,9.326545475450738,9.430652095350043,9.207074855511479,9.550122715289302,0.10410661989930503,0.3430478597778226,3.2951589448358667,WIDENED
HWIN-VAR-014,linear_regression,mae,25,5,17.816048049926756,17.816048049926756,17.101471630342374,18.53062446951114,15.461405169164447,20.170690930689066,1.429152839168765,4.709285761524619,3.2951589448359284,WIDENED
HWIN-VAR-014,linear_regression,rmse,25,5,378.6481766415709,378.6481766415709,276.71357872760177,480.58277455554,42.7574745371021,714.5388787460395,203.86919582793826,671.7814042089374,3.295158944835924,WIDENED
HWIN-VAR-014,linear_regression,r2,25,5,0.0008350610733032227,0.0008350610733032227,0.0003686302135147285,0.0013014919330917168,-0.0007019027464763444,0.0023720248930827895,0.0009328617195769884,0.0030739276395591337,3.295158944835923,WIDENED
HWIN-VAR-014,linear_regression,mape,25,5,48.07768630981445,48.07768630981445,43.842804467998675,52.31256815163023,34.12307752843195,62.03229509119696,8.469763683631555,27.909217562765008,3.2951589448359266,WIDENED
HWIN-VAR-014,linear_regression,medae,25,5,9.378378295898438,9.378378295898438,9.319478779489536,9.43727781230734,9.184295027557134,9.572461564239742,0.11779903281780335,0.3881665366826077,3.2951589448359444,WIDENED
HWIN-VAR-014,random_forest,mae,25,5,17.73573854672662,17.73573854672662,16.93385818612625,18.537618907326987,15.093415303806061,20.378061789647184,1.6037607212007359,5.284646485841122,3.295158944835927,WIDENED
HWIN-VAR-014,random_forest,rmse,25,5,440.08940414203164,440.08940414203164,353.4289770587744,526.7498312252889,154.52952267533522,725.6492856087281,173.32085416651444,571.1197629333928,3.2951589448359244,WIDENED
HWIN-VAR-014,random_forest,r2,25,5,-1.3172275256547599,-1.3172275256547599,-1.9999398522039686,-0.6345151991055512,-3.5668731552331296,0.9324181039236095,1.3654246530984175,4.499291259156739,3.295158944835924,WIDENED
HWIN-VAR-014,random_forest,mape,25,5,33.281590316597175,33.281590316597175,30.445199278323933,36.117981354870416,23.935231015778655,42.627949617415695,5.672782076546483,18.69271860163704,3.295158944835922,WIDENED
HWIN-VAR-014,random_forest,medae,25,5,7.650366508526272,7.650366508526272,7.583460020521115,7.717272996531428,7.429898996108522,7.87083402094402,0.13381297601031328,0.4409350248354986,3.2951589448359235,WIDENED
HWIN-VAR-014,ridge,mae,25,5,17.8164493560791,17.8164493560791,17.112668263838746,18.520230448319456,15.497378794776898,20.135519917381302,1.4075621844807102,4.638141122604404,3.295158944835923,WIDENED
HWIN-VAR-014,ridge,rmse,25,5,378.6531834592904,378.6531834592904,276.71838292067537,480.58798399790544,42.761813674407335,714.5445532441736,203.86960107723007,671.7827395697662,3.2951589448359244,WIDENED
HWIN-VAR-014,ridge,r2,25,5,0.0007936716079711914,0.0007936716079711914,0.0003369738883639131,0.0012503693275784699,-0.0007112199678789005,0.0022985631838212833,0.0009133954392145568,0.003009783151700184,3.2951589448359235,WIDENED
HWIN-VAR-014,ridge,mape,25,5,47.96045455932617,47.96045455932617,43.7917400334836,52.12916908516875,34.22387760102857,61.69703151762378,8.337429051685149,27.47315391659521,3.2951589448359235,WIDENED
HWIN-VAR-014,ridge,medae,25,5,9.399668884277343,9.399668884277343,9.350888921628684,9.448448846926002,9.238931154026853,9.560406614527833,0.09755992529731827,0.32147546050098086,3.2951589448359035,WIDENED
HWIN-VAR-015,elasticnet,mae,25,5,189.26935729980468,189.26935729980468,181.0064848558305,197.53222974377886,162.04187925600493,216.49683534360443,16.52574488794835,54.4549560875995,3.295158944835921,WIDENED
HWIN-VAR-015,elasticnet,rmse,25,5,3815.2864058549253,3815.2864058549253,1545.9573623138917,6084.615449395958,-3662.5134907452643,11293.086302455116,4538.658087082067,14955.599793200381,3.295158944835925,WIDENED
HWIN-VAR-015,elasticnet,r2,25,5,-0.0004421710968017578,-0.0004421710968017578,-0.0008028609775418141,-8.148121606170157e-05,-0.0016307015836341567,0.0007463593900306412,0.0007213797614801125,0.002377060973664798,3.2951589448359235,WIDENED
HWIN-VAR-015,elasticnet,mape,25,5,1736.403515625,1736.403515625,1654.8890910952293,1817.9179401547706,1467.8005305025736,2005.0065007474263,163.02884905954124,537.2059702448528,3.295158944835922,WIDENED
HWIN-VAR-015,elasticnet,medae,25,5,109.74981536865235,109.74981536865235,106.09676417526579,113.40286656203891,97.71243105282106,121.78719968448364,7.306102386773119,24.07476863166258,3.2951589448359297,WIDENED
HWIN-VAR-015,extra_trees,mae,25,5,144.68041231534934,144.68041231534934,133.55589828370165,155.80492634699704,108.02337039701267,181.337454233686,22.249028063295384,73.31408383667333,3.2951589448359266,WIDENED
HWIN-VAR-015,extra_trees,rmse,25,5,4099.187480801171,4099.187480801171,1886.657280367022,6311.717681235319,-3191.451199879032,11389.826161481375,4425.060400868297,14581.277361360408,3.295158944835924,WIDENED
HWIN-VAR-015,extra_trees,r2,25,5,-0.8621462482095695,-0.8621462482095695,-1.3421210422962044,-0.3821714541229347,-2.4437394842399245,0.7194469878207854,0.9599495881732698,3.16318647206071,3.2951589448359226,WIDENED
HWIN-VAR-015,extra_trees,mape,25,5,698.3870089629074,698.3870089629074,666.3089375396718,730.4650803861431,592.6846649795468,804.0893529462683,64.15614284647131,211.40468796672144,3.2951589448359275,WIDENED
HWIN-VAR-015,extra_trees,medae,25,5,17.15477485171557,17.15477485171557,16.886421012123165,17.423128691307973,16.270506296801596,18.039043406629542,0.5367076791848078,1.768537109827946,3.295158944835919,WIDENED
HWIN-VAR-015,gradient_boosting,mae,25,5,164.24857764116993,164.24857764116993,154.9868590881581,173.51029619418176,133.72974290666014,194.76741237567967,18.523437106023664,61.037669469019534,3.2951589448359235,WIDENED
HWIN-VAR-015,gradient_boosting,rmse,25,5,4133.2276770396675,4133.2276770396675,1929.404335900726,6337.0510181786085,-3128.7205183525084,11395.175872431842,4407.646682277882,14523.89639078435,3.295158944835925,WIDENED
HWIN-VAR-015,gradient_boosting,r2,25,5,-0.8883472841874422,-0.8883472841874422,-1.3094840925654379,-0.4672104758094467,-2.2760600053138464,0.4993654369389622,0.8422736167559912,2.775425442252809,3.295158944835923,WIDENED
HWIN-VAR-015,gradient_boosting,mape,25,5,1021.7863149756654,1021.7863149756654,967.245425985516,1076.3272039658148,842.0654167604716,1201.5072131908596,109.08177798029874,359.44179643038797,3.295158944835926,WIDENED
HWIN-VAR-015,gradient_boosting,medae,25,5,39.59488761795646,39.59488761795646,38.582887222025825,40.606888013887094,36.260185461128124,42.929589774784795,2.024000791861269,6.6694043136566705,3.2951589448359324,WIDENED
HWIN-VAR-015,lasso,mae,25,5,193.26137084960936,193.26137084960936,185.57882237372897,200.94391932548976,167.94615252017647,218.57658917904226,15.36509695176079,50.63043665886579,3.295158944835926,WIDENED
HWIN-VAR-015,lasso,rmse,25,5,3815.914427991172,3815.914427991172,1546.723884049798,6085.104971932546,-3661.4290904143413,11293.257946396685,4538.381087882748,14954.687036811027,3.2951589448359235,WIDENED
HWIN-VAR-015,lasso,r2,25,5,-0.0018177032470703125,-0.0018177032470703125,-0.002609690660730527,-0.0010257158334100978,-0.004427427657390237,0.0007920211632496121,0.0015839748273204293,0.005219448820639849,3.295158944835923,WIDENED
HWIN-VAR-015,lasso,mape,25,5,1821.4966796875,1821.4966796875,1725.5347187243037,1917.4586406506965,1505.2867656556275,2137.7065937193724,191.92392192639272,632.419828063745,3.295158944835926,WIDENED
HWIN-VAR-015,lasso,medae,25,5,110.65546875,110.65546875,106.75466482983302,114.55627267016698,97.80169982041075,123.50923767958925,7.801607840333958,25.7075378591785,3.295158944835922,WIDENED
HWIN-VAR-015,linear_regression,mae,25,5,184.49844665527343,184.49844665527343,175.81220684887242,193.18468646167443,155.87590586022128,213.12098745032557,17.37247961280201,57.24508159010429,3.295158944835925,WIDENED
HWIN-VAR-015,linear_regression,rmse,25,5,3814.819646926928,3814.819646926928,1545.4177387107643,6084.221555143091,-3663.220350359278,11292.859644213135,4538.803816432326,14956.079994572414,3.2951589448359253,WIDENED
HWIN-VAR-015,linear_regression,r2,25,5,0.0004780292510986328,0.0004780292510986328,0.00013261294184489846,0.0008234455603523672,-0.0006601723900310217,0.0016162308922282873,0.0006908326185074687,0.002276403282259309,3.295158944835924,WIDENED
HWIN-VAR-015,linear_regression,mape,25,5,1637.0199462890625,1637.0199462890625,1571.1437875246797,1702.8961050534454,1419.947532485175,1854.09236009295,131.75231752876562,434.1448276077749,3.295158944835924,WIDENED
HWIN-VAR-015,linear_regression,medae,25,5,114.07671813964843,114.07671813964843,110.7685765081774,117.38485977111947,103.17586565192256,124.9775706273743,6.616283262942062,21.80170497545174,3.2951589448359226,WIDENED
HWIN-VAR-015,random_forest,mae,25,5,165.15661875948584,165.15661875948584,147.39464310275693,182.91859441621475,106.62808579625761,223.685151722714,35.523951313457815,117.0570659264564,3.2951589448359244,WIDENED
HWIN-VAR-015,random_forest,rmse,25,5,4423.6027034878025,4423.6027034878025,2278.214202847003,6568.9912041286025,-2645.793404546859,11492.998811522466,4290.7770012816,14138.792216069325,3.2951589448359235,WIDENED
HWIN-VAR-015,random_forest,r2,25,5,-2.8001287690409304,-2.8001287690409304,-4.544556930753864,-1.0557006073279966,-8.548296829732992,2.948039291651131,3.4888563234258676,11.496336121384124,3.295158944835924,WIDENED
HWIN-VAR-015,random_forest,mape,25,5,824.9334775770664,824.9334775770664,743.2575124686829,906.6094426854498,555.7981905720696,1094.068764582063,163.35193021676696,538.2705740099934,3.295158944835925,WIDENED
HWIN-VAR-015,random_forest,medae,25,5,16.88626859494587,16.88626859494587,16.647448488476368,17.125088701415375,16.099318384906212,17.673218804985524,0.4776402129390078,1.5739004200793119,3.295158944835934,WIDENED
HWIN-VAR-015,ridge,mae,25,5,193.82858581542968,193.82858581542968,186.20330275819904,201.4538688726603,168.70206614249037,218.95510548836899,15.250566114461265,50.25303934587862,3.29515894483592,WIDENED
HWIN-VAR-015,ridge,rmse,25,5,3815.946433569754,3815.946433569754,1546.764777878962,6085.128089260546,-3661.367796637352,11293.260663776859,4538.363311381585,14954.628460414211,3.2951589448359235,WIDENED
HWIN-VAR-015,ridge,r2,25,5,-0.0018957853317260742,-0.0018957853317260742,-0.0027185461366551643,-0.001073024526796984,-0.004606912957548571,0.0008153422940964227,0.0016455216098581803,0.005422255251644994,3.295158944835925,WIDENED
HWIN-VAR-015,ridge,mape,25,5,1832.4081787109376,1832.4081787109376,1735.2604870131202,1929.555870408755,1512.291093442712,2152.5252639791634,194.29538339563487,640.2341705364513,3.295158944835923,WIDENED
HWIN-VAR-015,ridge,medae,25,5,111.31107482910156,111.31107482910156,107.34041615379465,115.28173350440846,98.22712337827363,124.39502627992948,7.941317350613815,26.16790290165585,3.295158944835926,WIDENED
HWIN-VAR-028,elasticnet,mae,25,5,2.3674205780029296,2.3674205780029296,2.3364543923825725,2.3983867636232867,2.2653820744685595,2.4694590815372996,0.06193237124071427,0.2040770070687401,3.2951589448359457,WIDENED
HWIN-VAR-028,elasticnet,rmse,25,5,8.693200374025093,8.693200374025093,6.753109191004186,10.633291557046,2.3002915584964434,15.086109189553742,3.880182366041814,12.785817631057299,3.2951589448359226,WIDENED
HWIN-VAR-028,elasticnet,r2,25,5,0.003274846076965332,0.003274846076965332,0.002244262128136251,0.004305430025794413,-0.00012109184042314366,0.006670783994353808,0.0020611678976581622,0.006791875834776952,3.295158944835925,WIDENED
HWIN-VAR-028,elasticnet,mape,25,5,319.0586853027344,319.0586853027344,305.9270190857204,332.19035151974833,275.7877579071411,362.32961269832765,26.263332434027916,86.54185479118655,3.295158944835925,WIDENED
HWIN-VAR-028,elasticnet,medae,25,5,1.7355282306671143,1.7355282306671143,1.720049183802071,1.7510072775321575,1.684522310932233,1.7865341504019956,0.0309580937300864,0.10201183946976267,3.295158944835909,WIDENED
HWIN-VAR-028,extra_trees,mae,25,5,1.6633369437348793,1.6633369437348793,1.621712599975994,1.7049612874937645,1.526178115074863,1.8004957723948956,0.08324868751777048,0.27431765732003255,3.295158944835929,WIDENED
HWIN-VAR-028,extra_trees,rmse,25,5,10.992743386024726,10.992743386024726,9.34087857531718,12.644608196732271,5.549586279362061,16.435900492687395,3.3037296214150906,10.886314213325335,3.2951589448359235,WIDENED
HWIN-VAR-028,extra_trees,r2,25,5,-1.349966036836866,-1.349966036836866,-2.10519708238781,-0.5947349912859222,-3.8385723720018454,1.1386402983281136,1.5104620911018878,4.977212670329959,3.2951589448359235,WIDENED
HWIN-VAR-028,extra_trees,mape,25,5,123.3083860702171,123.3083860702171,120.39338672069441,126.22338541973978,113.70299988944649,132.91377225098768,5.829998699045376,19.21077236154119,3.295158944835927,WIDENED
HWIN-VAR-028,extra_trees,medae,25,5,0.6428890294904511,0.6428890294904511,0.636381720812549,0.6493963381683533,0.6214464130936533,0.6643316458872487,0.013014617355804337,0.04288523279359535,3.295158944835911,WIDENED
HWIN-VAR-028,gradient_boosting,mae,25,5,1.9153848668553608,1.9153848668553608,1.8766028529583034,1.9541668807524182,1.7875919668637215,2.0431777668470006,0.07756402779411475,0.2555857999832791,3.29515894483592,WIDENED
HWIN-VAR-028,gradient_boosting,rmse,25,5,8.617722900456194,8.617722900456194,6.683900284971837,10.55154551594055,2.245470011316913,14.989975789595471,3.867645230968713,12.744505778278558,3.295158944835924,WIDENED
HWIN-VAR-028,gradient_boosting,r2,25,5,0.021606883819766276,0.021606883819766276,-0.041933364105367105,0.08514713174489966,-0.18776833248782926,0.2309821001273618,0.12708049585026676,0.41875043261519107,3.2951589448359244,WIDENED
HWIN-VAR-028,gradient_boosting,mape,25,5,188.1649618405946,188.1649618405946,181.19688826995184,195.13303541123736,165.20405188601632,211.12587179517288,13.936147141285517,45.92181990915657,3.2951589448359244,WIDENED
HWIN-VAR-028,gradient_boosting,medae,25,5,1.0348627471381118,1.0348627471381118,1.0268535785101796,1.042871915766044,1.008471263493082,1.0612542307831416,0.016018337255864434,0.05278296729005971,3.2951589448358924,WIDENED
HWIN-VAR-028,lasso,mae,25,5,2.367645788192749,2.367645788192749,2.3366550675454545,2.398636508840043,2.265526437844906,2.4697651385405917,0.06198144129458871,0.20423870069568562,3.295158944835906,WIDENED
HWIN-VAR-028,lasso,rmse,25,5,8.69321253917839,8.69321253917839,6.753128675316244,10.633296403040536,2.300327841441204,15.086097236915583,3.8801677277242916,12.785769395474379,3.295158944835923,WIDENED
HWIN-VAR-028,lasso,r2,25,5,0.0032691121101379394,0.0032691121101379394,0.002241031894512879,0.004297192325763,-0.0001185756083878246,0.006656799828663703,0.002056160431250121,0.006775375437051528,3.295158944835924,WIDENED
HWIN-VAR-028,lasso,mape,25,5,319.097998046875,319.097998046875,305.97952116447675,332.2164749292732,275.87053160521725,362.3254644885327,26.236953764796453,86.45493288331545,3.295158944835918,WIDENED
HWIN-VAR-028,lasso,medae,25,5,1.7361313343048095,1.7361313343048095,1.7206716077018247,1.7515910609077943,1.685189077904266,1.787073590705353,0.03091945320596956,0.10188451280108701,3.2951589448359444,WIDENED
HWIN-VAR-028,linear_regression,mae,25,5,2.3668214797973635,2.3668214797973635,2.335847665827227,2.3977952937675,2.2647578396379844,2.4688851199567425,0.06194762794027309,0.20412728031875815,3.2951589448359155,WIDENED
HWIN-VAR-028,linear_regression,rmse,25,5,8.693184006748314,8.693184006748314,6.75307992927025,10.633288084226379,2.3002327019338216,15.086135311562806,3.8802081549561294,12.785902609628984,3.295158944835923,WIDENED
HWIN-VAR-028,linear_regression,r2,25,5,0.003283703327178955,0.003283703327178955,0.002248987535753889,0.004318419118604021,-0.00012584966829833327,0.006693256322656244,0.002069431582850132,0.006819105990954577,3.295158944835924,WIDENED
HWIN-VAR-028,linear_regression,mape,25,5,318.9048278808594,318.9048278808594,305.7654935316882,332.04416223003057,275.60863277099816,362.2010229907206,26.278668698342358,86.59239021972246,3.2951589448359178,WIDENED
HWIN-VAR-028,linear_regression,medae,25,5,1.7344254970550537,1.7344254970550537,1.7189743150018233,1.749876679108284,1.6835113963040635,1.7853395978060438,0.030902364106460745,0.10182820150198024,3.2951589448359084,WIDENED
HWIN-VAR-028,random_forest,mae,25,5,1.6105227716737303,1.6105227716737303,1.5672555568097601,1.6537899865377004,1.4679504215965815,1.753095121750879,0.08653442972794023,0.2851447001542975,3.2951589448359186,WIDENED
HWIN-VAR-028,random_forest,rmse,25,5,9.012485598988917,9.012485598988917,7.223451103087902,10.801520094889932,3.1173325772006564,14.907638620777178,3.5780689918020308,11.790306043576521,3.295158944835925,WIDENED
HWIN-VAR-028,random_forest,r2,25,5,-0.1848368699930345,-0.1848368699930345,-0.3486615624970813,-0.021012177488987704,-0.7246652708827391,0.3549915308966701,0.3276493850080936,1.0796568017794093,3.2951589448359244,WIDENED
HWIN-VAR-028,random_forest,mape,25,5,118.56252346067386,118.56252346067386,115.58497416567955,121.54007275566816,108.75102526758347,128.37402165376426,5.955098589988609,19.622996386180787,3.2951589448359284,WIDENED
HWIN-VAR-028,random_forest,medae,25,5,0.584837938428546,0.584837938428546,0.5712738956622312,0.5984019811948609,0.5401422615789865,0.6295336152781056,0.027128085532629687,0.0893913536991191,3.2951589448359377,WIDENED
HWIN-VAR-028,ridge,mae,25,5,2.3650272846221925,2.3650272846221925,2.33408695373794,2.395967615506445,2.2630739765527648,2.46698059269162,0.06188066176850526,0.2039066161388554,3.295158944835906,WIDENED
HWIN-VAR-028,ridge,rmse,25,5,8.692828228379927,8.692828228379927,6.752541327286599,10.633115129473255,2.299274490694268,15.086381966065582,3.8805738021866567,12.787107475371315,3.2951589448359244,WIDENED
HWIN-VAR-028,ridge,r2,25,5,0.0034552574157714843,0.0034552574157714843,0.002346983039475758,0.0045635317920672104,-0.0001966828086118321,0.007107197640154801,0.0022165487525914523,0.007303880448766633,3.2951589448359235,WIDENED
HWIN-VAR-028,ridge,mape,25,5,318.48546142578124,318.48546142578124,305.2884703978493,331.68245245371315,274.9992783951719,361.97164445639055,26.39398205586383,86.97236606121862,3.2951589448359258,WIDENED
HWIN-VAR-028,ridge,medae,25,5,1.729435110092163,1.729435110092163,1.7136658379791165,1.7452043822052095,1.6774728520353064,1.7813973681490196,0.031538544226092924,0.10392451611371323,3.295158944835916,WIDENED
HWIN-VAR-031,elasticnet,mae,25,5,0.4758122682571411,0.4758122682571411,0.4520549579543902,0.49956957855989204,0.39752815470778874,0.5540963818064936,0.04751462060550182,0.15656822709870483,3.295158944835928,WIDENED
HWIN-VAR-031,elasticnet,rmse,25,5,2.9812933779640236,2.9812933779640236,2.09792504774703,3.8646617081810173,0.07045432306472144,5.892132432863325,1.7667366604339874,5.8216781097986035,3.295158944835925,WIDENED
HWIN-VAR-031,elasticnet,r2,25,5,0.004092788696289063,0.004092788696289063,0.0028977973469375895,0.005287780045640536,0.00015510226247200404,0.008030475130106123,0.0023899826987029468,0.00787537286763412,3.2951589448359253,WIDENED
HWIN-VAR-031,elasticnet,mape,25,5,940.4448974609375,940.4448974609375,911.9195805229972,968.9702143988777,846.4494441986038,1034.440350723271,57.05063387588052,187.99090652466714,3.295158944835925,WIDENED
HWIN-VAR-031,elasticnet,medae,25,5,0.28584365248680116,0.28584365248680116,0.28089565766016455,0.29079164731343776,0.26953922307480765,0.30214808189879466,0.009895989653273207,0.03260885882398701,3.2951589448359284,WIDENED
HWIN-VAR-031,extra_trees,mae,25,5,0.43999834033149926,0.43999834033149926,0.40900660954035106,0.47099007112264746,0.3378756613991004,0.5421210192638981,0.061983461582296395,0.2042453578647977,3.2951589448359218,WIDENED
HWIN-VAR-031,extra_trees,rmse,25,5,4.179407302556886,4.179407302556886,2.9772947749285823,5.381519830185189,0.21825545444315875,8.140559150670612,2.4042250552566067,7.922303696227453,3.295158944835925,WIDENED
HWIN-VAR-031,extra_trees,r2,25,5,-1.482393374997118,-1.482393374997118,-2.470601289507604,-0.49418546048663226,-4.738695523854,1.773908773859763,1.9764158290209717,6.512604297713763,3.295158944835924,WIDENED
HWIN-VAR-031,extra_trees,mape,25,5,573.2986886170771,573.2986886170771,556.4654966005277,590.1318806336266,517.8306453736037,628.7667318605505,33.66638403309889,110.9360864869468,3.2951589448359138,WIDENED
HWIN-VAR-031,extra_trees,medae,25,5,0.0767044992055744,0.0767044992055744,0.07569378421714831,0.07771521419400049,0.07337403267078246,0.08003496574036634,0.0020214299768521737,0.006660933069583874,3.295158944835904,WIDENED
HWIN-VAR-031,gradient_boosting,mae,25,5,0.47135513905881365,0.47135513905881365,0.4370508680132422,0.5056594101043851,0.3583171134769231,0.5843931646407042,0.06860854209114287,0.22607605116378116,3.2951589448359204,WIDENED
HWIN-VAR-031,gradient_boosting,rmse,25,5,3.7878045064132526,3.7878045064132526,2.8312552376195086,4.744353775206997,0.6358226271712843,6.939786385655221,1.913098537587488,6.3039637584839365,3.295158944835924,WIDENED
HWIN-VAR-031,gradient_boosting,r2,25,5,-0.9243277653362618,-0.9243277653362618,-1.3910384174167065,-0.4576171132558172,-2.4622135451893454,0.6135580145168218,0.9334213041608893,3.0757715597061672,3.295158944835923,WIDENED
HWIN-VAR-031,gradient_boosting,mape,25,5,718.946327965074,718.946327965074,690.7950641742117,747.0975917559364,626.1834392761782,811.7092166539696,56.30252758172469,185.52577737779143,3.295158944835924,WIDENED
HWIN-VAR-031,gradient_boosting,medae,25,5,0.16264143468477876,0.16264143468477876,0.15780095041243974,0.16748191895711778,0.14669126963744328,0.1785915997321143,0.009680968544678037,0.031900330094671026,3.2951589448359213,WIDENED
HWIN-VAR-031,lasso,mae,25,5,0.4754445135593414,0.4754445135593414,0.451784782009064,0.4991042451096188,0.3974819375090281,0.5534070896096548,0.04731946310055479,0.15592515210062668,3.295158944835926,WIDENED
HWIN-VAR-031,lasso,rmse,25,5,2.98120156079092,2.98120156079092,2.0978319033886335,3.8645712181932064,0.07035813260513013,5.892044988976709,1.766739314804573,5.821686856371579,3.2951589448359235,WIDENED
HWIN-VAR-031,lasso,r2,25,5,0.004191052913665771,0.004191052913665771,0.002982642985807681,0.005399462841523862,0.0002091501308556518,0.00817295569647589,0.002416819855716181,0.007963805565620239,3.2951589448359235,WIDENED
HWIN-VAR-031,lasso,mape,25,5,941.2661865234375,941.2661865234375,912.3556260308749,970.176747016,846.0012945161496,1036.5310785307252,57.82112098512516,190.5297840145755,3.295158944835927,WIDENED
HWIN-VAR-031,lasso,medae,25,5,0.2853726208209991,0.2853726208209991,0.28033336385036106,0.2904118777916372,0.26876746813887437,0.3019777735031239,0.010078513941276124,0.033210305364249515,3.2951589448359173,WIDENED
HWIN-VAR-031,linear_regression,mae,25,5,0.4779032826423645,0.4779032826423645,0.45408236319730017,0.5017242020874288,0.39940956685874474,0.5563969984259842,0.047641838890128685,0.1569874315672395,3.295158944835923,WIDENED
HWIN-VAR-031,linear_regression,rmse,25,5,2.9814741635457374,2.9814741635457374,2.0981391119092323,3.8648092151822424,0.07074476685860542,5.892203560232869,1.76667010327301,5.821458793374264,3.2951589448359235,WIDENED
HWIN-VAR-031,linear_regression,r2,25,5,0.0038709402084350585,0.0038709402084350585,0.0027149181831653377,0.005026962233704779,6.166389144019726e-05,0.00768021652542992,0.002312044050539441,0.0076185526339897225,3.295158944835925,WIDENED
HWIN-VAR-031,linear_regression,mape,25,5,947.09990234375,947.09990234375,918.8960781903935,975.3037264971066,854.1638189062376,1040.0359857812625,56.4076483067131,185.87216687502496,3.2951589448359297,WIDENED
HWIN-VAR-031,linear_regression,medae,25,5,0.2885654330253601,0.2885654330253601,0.28361076940534957,0.2935200966453706,0.27223902887922935,0.3048918371714908,0.009909327240021026,0.03265280829226147,3.2951589448359146,WIDENED
HWIN-VAR-031,random_forest,mae,25,5,0.44471113417331454,0.44471113417331454,0.4165124235059069,0.4729098448407222,0.3517919004847659,0.537630367861863,0.05639742133481529,0.18583846737709714,3.2951589448359266,WIDENED
HWIN-VAR-031,random_forest,rmse,25,5,3.955312696250474,3.955312696250474,3.0985326545008833,4.812092738000064,1.132086277922415,6.778539114578534,1.713560083499181,5.646452836656119,3.2951589448359235,WIDENED
HWIN-VAR-031,random_forest,r2,25,5,-1.1902774768873785,-1.1902774768873785,-1.5749842436338426,-0.8055707101409144,-2.457947420470898,0.0773924666961403,0.7694135334929282,2.535339887167038,3.2951589448359253,WIDENED
HWIN-VAR-031,random_forest,mape,25,5,551.6993295435618,551.6993295435618,524.8046322119021,578.5940268752215,463.0770270624887,640.3216320246352,53.7893946633194,177.24460496214647,3.295158944835921,WIDENED
HWIN-VAR-031,random_forest,medae,25,5,0.06874446512221226,0.06874446512221226,0.06728369711271638,0.07020523313170814,0.06393100234939177,0.07355792789503275,0.002921536018991755,0.009626925545640985,3.295158944835913,WIDENED
HWIN-VAR-031,ridge,mae,25,5,0.4787477433681488,0.4787477433681488,0.45504446471683735,0.5024510220194602,0.4006416726983414,0.5568538140379562,0.04740655730262289,0.1562121413396148,3.2951589448359284,WIDENED
HWIN-VAR-031,ridge,rmse,25,5,2.9814370763175764,2.9814370763175764,2.0981294851326853,3.8647446675024675,0.07079816618320933,5.892075986451943,1.7666151823697822,5.821277820268734,3.2951589448359235,WIDENED
HWIN-VAR-031,ridge,r2,25,5,0.003856658935546875,0.003856658935546875,0.002624393980452595,0.005088923890641155,-0.0002038499536398796,0.00791716782473363,0.00246452991018856,0.00812101777837351,3.295158944835924,WIDENED
HWIN-VAR-031,ridge,mape,25,5,944.6144897460938,944.6144897460938,916.3796186838923,972.8493608082953,851.5761018091916,1037.652877682996,56.469742124402956,186.0767758738043,3.295158944835923,WIDENED
HWIN-VAR-031,ridge,medae,25,5,0.28655436635017395,0.28655436635017395,0.2815300363774669,0.291578696322881,0.2699984004988011,0.3031103322015468,0.010048659945414151,0.033111931702745734,3.2951589448359067,WIDENED
HWIN-VAR-033,elasticnet,mae,25,5,0.07637145519256591,0.07637145519256591,0.07461035417826282,0.078132556206869,0.07056834743252548,0.08217456295260635,0.003522202028606175,0.01160621552008087,3.2951589448359226,WIDENED
HWIN-VAR-033,elasticnet,rmse,25,5,0.7743623544896306,0.7743623544896306,0.699327235437155,0.8493974735421063,0.5271097107670373,1.0216149982122242,0.15007023810495124,0.49450528744518696,3.295158944835924,WIDENED
HWIN-VAR-033,elasticnet,r2,25,5,0.0005072116851806641,0.0005072116851806641,0.000334599049929784,0.0006798243204315442,-6.157438385797416e-05,0.0010759977542193024,0.00034522527050176026,0.0011375721380772765,3.295158944835923,WIDENED
HWIN-VAR-033,elasticnet,mape,25,5,780.2537475585938,780.2537475585938,768.9868080888638,791.5206870283238,743.1273911839878,817.3801039331997,22.53387893946001,74.25271274921192,3.295158944835943,WIDENED
HWIN-VAR-033,elasticnet,medae,25,5,0.04187385365366936,0.04187385365366936,0.041512289980953986,0.04223541732638473,0.04068244388339358,0.043065263423945135,0.0007231273454307435,0.002382819540551556,3.2951589448359027,WIDENED
HWIN-VAR-033,extra_trees,mae,25,5,0.058371419335093516,0.058371419335093516,0.056534462439746865,0.06020837623044017,0.052318354390113966,0.06442448428007305,0.0036739137906933034,0.012106129889959086,3.2951589448359213,WIDENED
HWIN-VAR-033,extra_trees,rmse,25,5,0.7344271372963711,0.7344271372963711,0.6536481558567028,0.8152061187360394,0.46824755405071267,1.0006067205420288,0.16155796287933666,0.5323591664913161,3.295158944835922,WIDENED
HWIN-VAR-033,extra_trees,r2,25,5,0.11044712912747005,0.11044712912747005,0.0744656891399473,0.1464285691149928,-0.008117434695492504,0.2290116929504326,0.0719628799750455,0.23712912764592511,3.2951589448359235,WIDENED
HWIN-VAR-033,extra_trees,mape,25,5,441.2187619477858,441.2187619477858,405.19671880171137,477.2408050938603,322.52040426373304,559.9171196318385,72.0440862921489,237.3967153681055,3.295158944835922,WIDENED
HWIN-VAR-033,extra_trees,medae,25,5,0.011312050579688126,0.011312050579688126,0.011207967618440172,0.01141613354093608,0.010969080678926917,0.011655020480449335,0.00020816592249590926,0.0006859398015224179,3.2951589448359275,WIDENED
HWIN-VAR-033,gradient_boosting,mae,25,5,0.07572927289093963,0.07572927289093963,0.07388590042740587,0.07757264535447339,0.06965506762906211,0.08180347815281717,0.0036867449270675257,0.012148410523755065,3.2951589448359355,WIDENED
HWIN-VAR-033,gradient_boosting,rmse,25,5,0.7601638441401966,0.7601638441401966,0.6950969765670489,0.8252307117133442,0.5457581734440845,0.9745695148363086,0.13013373514629523,0.4288113413922241,3.2951589448359266,WIDENED
HWIN-VAR-033,gradient_boosting,r2,25,5,0.013087280682736013,0.013087280682736013,-0.058502535534529915,0.08467709690000194,-0.22281254258474767,0.2489871039502197,0.14317963243453186,0.47179964653496737,3.2951589448359235,WIDENED
HWIN-VAR-033,gradient_boosting,mape,25,5,882.2408301346019,882.2408301346019,849.8719685729548,914.609691696249,775.5802864255849,988.9013738436189,64.73772312329424,213.32108741803404,3.2951589448359173,WIDENED
HWIN-VAR-033,gradient_boosting,medae,25,5,0.02751125404643411,0.02751125404643411,0.02718540645804965,0.02783710163481857,0.02643753445091584,0.028584973641952376,0.0006516951767689197,0.002147439191036535,3.2951589448359244,WIDENED
HWIN-VAR-033,lasso,mae,25,5,0.07641667723655701,0.07641667723655701,0.07464526272093763,0.07818809175217639,0.0705795848504016,0.08225376962271243,0.003542829031238759,0.01167418477231083,3.295158944835936,WIDENED
HWIN-VAR-033,lasso,rmse,25,5,0.7743949331933007,0.7743949331933007,0.6993106481041481,0.8494792182824532,0.5269802795651691,1.0218095868214323,0.1501685701783051,0.4948293072562632,3.2951589448359235,WIDENED
HWIN-VAR-033,lasso,r2,25,5,0.000489187240600586,0.000489187240600586,0.00041648143235624414,0.0005618930488449278,0.00024961004622271754,0.0007287644349784544,0.0001454116164886837,0.0004791543887557369,3.295158944835923,WIDENED
HWIN-VAR-033,lasso,mape,25,5,789.5539916992187,789.5539916992187,779.4440451541855,799.663938244252,756.2401109095393,822.8678724888981,20.219893090066535,66.62776157935878,3.2951589448359213,WIDENED
HWIN-VAR-033,lasso,medae,25,5,0.043506030738353726,0.043506030738353726,0.04316840817013451,0.043843653306572944,0.0423935107127077,0.04461855076399975,0.0006752451364384349,0.0022250400512920515,3.2951589448359075,WIDENED
HWIN-VAR-033,linear_regression,mae,25,5,0.07644141614437103,0.07644141614437103,0.07468872143564668,0.07819411085309537,0.0706660084973514,0.08221682379139066,0.0035053894174486844,0.011550815294039257,3.295158944835934,WIDENED
HWIN-VAR-033,linear_regression,rmse,25,5,0.7743709725920443,0.7743709725920443,0.6993886457437936,0.8493532994402951,0.5272922875734201,1.0214496576106689,0.14996465369650158,0.4941573700372488,3.2951589448359235,WIDENED
HWIN-VAR-033,linear_regression,r2,25,5,0.0004073143005371094,0.0004073143005371094,9.406072248617503e-05,0.0007205678785880438,-0.0006249060291792853,0.001439534630253504,0.0006265071561018687,0.0020644406594327895,3.2951589448359244,WIDENED
HWIN-VAR-033,linear_regression,mape,25,5,772.8671752929688,772.8671752929688,760.4682311059319,785.2661194800057,732.0106834485327,813.7236671374048,24.797888374073864,81.7129836888721,3.2951589448359178,WIDENED
HWIN-VAR-033,linear_regression,medae,25,5,0.04025745391845703,0.04025745391845703,0.039942284316699356,0.04057262352021471,0.039218919986084844,0.04129598785082922,0.000630339203515351,0.002077067864744375,3.295158944835947,WIDENED
HWIN-VAR-033,random_forest,mae,25,5,0.0564310726932328,0.0564310726932328,0.05470343967964467,0.05815870570682093,0.05073824731511404,0.06212389807135158,0.0034552660271762597,0.011385650756237542,3.295158944835925,WIDENED
HWIN-VAR-033,random_forest,rmse,25,5,0.7073206837795797,0.7073206837795797,0.6299635980190275,0.7846777695401319,0.4524167906892563,0.9622245768699034,0.15471417152110445,0.5098077861806471,3.295158944835927,WIDENED
HWIN-VAR-033,random_forest,r2,25,5,0.17029714611267865,0.17029714611267865,0.12959569314185193,0.21099859908350538,0.03617938928804029,0.3044149029373171,0.08140290594165345,0.2682355136492768,3.2951589448359244,WIDENED
HWIN-VAR-033,random_forest,mape,25,5,377.17116036580313,377.17116036580313,320.6289917304577,433.71332900114857,190.85572762662335,563.486593104983,113.08433727069087,372.6308654783596,3.2951589448359253,WIDENED
HWIN-VAR-033,random_forest,medae,25,5,0.010789267684025635,0.010789267684025635,0.010641126106055237,0.010937409261996033,0.01030111763827437,0.0112774177297769,0.00029628315594079635,0.0009763000915025306,3.295158944835919,WIDENED
HWIN-VAR-033,ridge,mae,25,5,0.07639986723661422,0.07639986723661422,0.07464902855267407,0.07815070592055438,0.07063057548626406,0.08216915898696439,0.003501677367880318,0.011538583500700333,3.295158944835921,WIDENED
HWIN-VAR-033,ridge,rmse,25,5,0.7743640911681078,0.7743640911681078,0.6993806777314138,0.8493475046048018,0.5272818256678553,1.0214463566683603,0.14996682687338803,0.49416453100050495,3.295158944835924,WIDENED
HWIN-VAR-033,ridge,r2,25,5,0.00042595863342285154,0.00042595863342285154,0.00011490589112769735,0.0007370113757180057,-0.0005990095926667695,0.0014509268595124724,0.0006221054845903084,0.002049936452179242,3.2951589448359244,WIDENED
HWIN-VAR-033,ridge,mape,25,5,772.8095825195312,772.8095825195312,760.5882040403444,785.030960998718,732.5381979056134,813.080967133449,24.442756958373593,80.5427692278356,3.2951589448359377,WIDENED
HWIN-VAR-033,ridge,medae,25,5,0.04036151915788651,0.04036151915788651,0.04009739887733071,0.04062563943844231,0.039491200852900483,0.04123183746287253,0.0005282405611116009,0.0017406366099720488,3.295158944835942,WIDENED
