file_path,contains_fold_values,contains_seed_values,contains_predictions,contains_group_assignments,usable_for_ci,reason
/c/Users/lenovo/HWIN_Bench_v1_RELEASE/output/benchmark_results/grqa_full_final_groupkfold/GRQA_full_benchmark_complete.json,NO,YES (seeds list),NO,NO,NO,"Only aggregated metrics (mean, ci_95, n_folds=25). No per-fold values stored."
/c/Users/lenovo/HWIN_Bench_v1_RELEASE/output/benchmark_results/grqa_full_final_groupkfold/HWIN-VAR-001.json,NO,NO,NO,NO,NO,"Only aggregated metrics (mean, ci_95, n_folds=25). No per-fold values stored."
/c/Users/lenovo/HWIN_Bench_v1_RELEASE/output/benchmark_results/grqa_full_final_groupkfold/HWIN-VAR-002.json,NO,NO,NO,NO,NO,"Only aggregated metrics (mean, ci_95, n_folds=25). No per-fold values stored."
/c/Users/lenovo/HWIN_Bench_v1_RELEASE/output/benchmark_results/grqa_full_final_groupkfold/HWIN-VAR-003.json,NO,NO,NO,NO,NO,"Only aggregated metrics (mean, ci_95, n_folds=25). No per-fold values stored."
/c/Users/lenovo/HWIN_Bench_v1_RELEASE/output/benchmark_results/grqa_full_final_groupkfold/HWIN-VAR-008.json,NO,NO,NO,NO,NO,"Only aggregated metrics (mean, ci_95, n_folds=25). No per-fold values stored."
/c/Users/lenovo/HWIN_Bench_v1_RELEASE/output/benchmark_results/grqa_full_final_groupkfold/HWIN-VAR-009.json,NO,NO,NO,NO,NO,"Only aggregated metrics (mean, ci_95, n_folds=25). No per-fold values stored."
/c/Users/lenovo/HWIN_Bench_v1_RELEASE/output/benchmark_results/grqa_full_final_groupkfold/HWIN-VAR-010.json,NO,NO,NO,NO,NO,"Only aggregated metrics (mean, ci_95, n_folds=25). No per-fold values stored."
/c/Users/lenovo/HWIN_Bench_v1_RELEASE/output/benchmark_results/grqa_full_final_groupkfold/HWIN-VAR-014.json,NO,NO,NO,NO,NO,"Only aggregated metrics (mean, ci_95, n_folds=25). No per-fold values stored."
/c/Users/lenovo/HWIN_Bench_v1_RELEASE/output/benchmark_results/grqa_full_final_groupkfold/HWIN-VAR-015.json,NO,NO,NO,NO,NO,"Only aggregated metrics (mean, ci_95, n_folds=25). No per-fold values stored."
/c/Users/lenovo/HWIN_Bench_v1_RELEASE/output/benchmark_results/grqa_full_final_groupkfold/HWIN-VAR-028.json,NO,NO,NO,NO,NO,"Only aggregated metrics (mean, ci_95, n_folds=25). No per-fold values stored."
/c/Users/lenovo/HWIN_Bench_v1_RELEASE/output/benchmark_results/grqa_full_final_groupkfold/HWIN-VAR-031.json,NO,NO,NO,NO,NO,"Only aggregated metrics (mean, ci_95, n_folds=25). No per-fold values stored."
/c/Users/lenovo/HWIN_Bench_v1_RELEASE/output/benchmark_results/grqa_full_final_groupkfold/HWIN-VAR-033.json,NO,NO,NO,NO,NO,"Only aggregated metrics (mean, ci_95, n_folds=25). No per-fold values stored."
/c/Users/lenovo/HWIN_Bench_v1_RELEASE/output/benchmark_results/grqa_full_final_groupkfold/variable_counts.json,NO,NO,NO,NO,NO,"Only counts of completed evaluations per variable."
/c/Users/lenovo/HWIN_Bench_v1_RELEASE/output/benchmark_results/grqa_full_final_groupkfold/progress.log,NO,NO,NO,NO,NO,"Execution log with timestamps and final aggregated CIs. No per-fold values."
/c/Users/lenovo/HWIN_Bench_v1_RELEASE/output/cross_validation_accounting.csv,NO,NO,NO,NO,NO,"High-level accounting of cross-validation structure. No per-fold metric values."
/c/Users/lenovo/HWIN_Bench_v1_RELEASE/output/grqa_observation_accounting.csv,NO,NO,NO,NO,NO,"Observation counts per variable. No metric values."
/c/Users/lenovo/HWIN_Bench_v1_RELEASE/output/dataset_variable_inventory.csv,NO,NO,NO,NO,NO,"Dataset-variable mapping. No metric values."
/c/Users/lenovo/HWIN_Bench_v1_RELEASE/MASTER_BENCHMARK_SUMMARY.csv,NO,NO,NO,NO,NO,"Summary statistics from aggregated outputs. No per-fold values."