variable,model,metric,n_reported,n_unique,unique_values,repetition_pattern,usable
HWIN-VAR-001,linear_regression,mae,25,5,5 unique fold values repeated 5 times,IDENTICAL_REPETITIONS,True
HWIN-VAR-001,linear_regression,rmse,25,5,5 unique fold values repeated 5 times,IDENTICAL_REPETITIONS,True
HWIN-VAR-001,linear_regression,r2,25,5,5 unique fold values repeated 5 times,IDENTICAL_REPETITIONS,True
HWIN-VAR-001,linear_regression,mape,25,5,5 unique fold values repeated 5 times,IDENTICAL_REPETITIONS,True
HWIN-VAR-001,linear_regression,medae,25,5,5 unique fold values repeated 5 times,IDENTICAL_REPETITIONS,True
HWIN-VAR-001,ridge,mae,25,5,5 unique fold values repeated 5 times,IDENTICAL_REPETITIONS,True
HWIN-VAR-001,ridge,rmse,25,5,5 unique fold values repeated 5 times,IDENTICAL_REPETITIONS,True
HWIN-VAR-001,ridge,r2,25,5,5 unique fold values repeated 5 times,IDENTICAL_REPETITIONS,True
HWIN-VAR-001,ridge,mape,25,5,5 unique fold values repeated 5 times,IDENTICAL_REPETITIONS,True
HWIN-VAR-001,ridge,medae,25,5,5 unique fold values repeated 5 times,IDENTICAL_REPETITIONS,True
HWIN-VAR-001,lasso,mae,25,5,5 unique fold values repeated 5 times,IDENTICAL_REPETITIONS,True
HWIN-VAR-001,lasso,rmse,25,5,5 unique fold values repeated 5 times,IDENTICAL_REPETITIONS,True
HWIN-VAR-001,lasso,r2,25,5,5 unique fold values repeated 5 times,IDENTICAL_REPETITIONS,True
HWIN-VAR-001,lasso,mape,25,5,5 unique fold values repeated 5 times,IDENTICAL_REPETITIONS,True
HWIN-VAR-001,lasso,medae,25,5,5 unique fold values repeated 5 times,IDENTICAL_REPETITIONS,True
HWIN-VAR-001,elasticnet,mae,25,5,5 unique fold values repeated 5 times,IDENTICAL_REPETITIONS,True
HWIN-VAR-001,elasticnet,rmse,25,5,5 unique fold values repeated 5 times,IDENTICAL_REPETITIONS,True
HWIN-VAR-001,elasticnet,r2,25,5,5 unique fold values repeated 5 times,IDENTICAL_REPETITIONS,True
HWIN-VAR-001,elasticnet,mape,25,5,5 unique fold values repeated 5 times,IDENTICAL_REPETITIONS,True
HWIN-VAR-001,elasticnet,medae,25,5,5 unique fold values repeated 5 times,IDENTICAL_REPETITIONS,True
HWIN-VAR-001,random_forest,mae,25,5,5 unique fold values repeated 5 times,IDENTICAL_REPETITIONS,True
HWIN-VAR-001,random_forest,rmse,25,5,5 unique fold values repeated 5 times,IDENTICAL_REPETITIONS,True
HWIN-VAR-001,random_forest,r2,25,5,5 unique fold values repeated 5 times,IDENTICAL_REPETITIONS,True
HWIN-VAR-001,random_forest,mape,25,5,5 unique fold values repeated 5 times,IDENTICAL_REPETITIONS,True
HWIN-VAR-001,random_forest,medae,25,5,5 unique fold values repeated 5 times,IDENTICAL_REPETITIONS,True
HWIN-VAR-001,extra_trees,mae,25,5,5 unique fold values repeated 5 times,IDENTICAL_REPETITIONS,True
HWIN-VAR-001,extra_trees,rmse,25,5,5 unique fold values repeated 5 times,IDENTICAL_REPETITIONS,True
HWIN-VAR-001,extra_trees,r2,25,5,5 unique fold values repeated 5 times,IDENTICAL_REPETITIONS,True
HWIN-VAR-001,extra_trees,mape,25,5,5 unique fold values repeated 5 times,IDENTICAL_REPETITIONS,True
HWIN-VAR-001,extra_trees,medae,25,5,5 unique fold values repeated 5 times,IDENTICAL_REPETITIONS,True
HWIN-VAR-001,gradient_boosting,mae,25,5,5 unique fold values repeated 5 times,IDENTICAL_REPETITIONS,True
HWIN-VAR-001,gradient_boosting,rmse,25,5,5 unique fold values repeated 5 times,IDENTICAL_REPETITIONS,True
HWIN-VAR-001,gradient_boosting,r2,25,5,5 unique fold values repeated 5 times,IDENTICAL_REPETITIONS,True
HWIN-VAR-001,gradient_boosting,mape,25,5,5 unique fold values repeated 5 times,IDENTICAL_REPETITIONS,True
HWIN-VAR-001,gradient_boosting,medae,25,5,5 unique fold values repeated 5 times,IDENTICAL_REPETITIONS,True
HWIN-VAR-002,linear_regression,mae,25,5,5 unique fold values repeated 5 times,IDENTICAL_REPETITIONS,True
HWIN-VAR-002,linear_regression,rmse,25,5,5 unique fold values repeated 5 times,IDENTICAL_REPETITIONS,True
HWIN-VAR-002,linear_regression,r2,25,5,5 unique fold values repeated 5 times,IDENTICAL_REPETITIONS,True
HWIN-VAR-002,linear_regression,mape,25,5,5 unique fold values repeated 5 times,IDENTICAL_REPETITIONS,True
HWIN-VAR-002,linear_regression,medae,25,5,5 unique fold values repeated 5 times,IDENTICAL_REPETITIONS,True
HWIN-VAR-002,ridge,mae,25,5,5 unique fold values repeated 5 times,IDENTICAL_REPETITIONS,True
HWIN-VAR-002,ridge,rmse,25,5,5 unique fold values repeated 5 times,IDENTICAL_REPETITIONS,True
HWIN-VAR-002,ridge,r2,25,5,5 unique fold values repeated 5 times,IDENTICAL_REPETITIONS,True
HWIN-VAR-002,ridge,mape,25,5,5 unique fold values repeated 5 times,IDENTICAL_REPETITIONS,True
HWIN-VAR-002,ridge,medae,25,5,5 unique fold values repeated 5 times,IDENTICAL_REPETITIONS,True
HWIN-VAR-002,lasso,mae,25,5,5 unique fold values repeated 5 times,IDENTICAL_REPETITIONS,True
HWIN-VAR-002,lasso,rmse,25,5,5 unique fold values repeated 5 times,IDENTICAL_REPETITIONS,True
HWIN-VAR-002,lasso,r2,25,5,5 unique fold values repeated 5 times,IDENTICAL_REPETITIONS,True
HWIN-VAR-002,lasso,mape,25,5,5 unique fold values repeated 5 times,IDENTICAL_REPETITIONS,True
HWIN-VAR-002,lasso,medae,25,5,5 unique fold values repeated 5 times,IDENTICAL_REPETITIONS,True
HWIN-VAR-002,elasticnet,mae,25,5,5 unique fold values repeated 5 times,IDENTICAL_REPETITIONS,True
HWIN-VAR-002,elasticnet,rmse,25,5,5 unique fold values repeated 5 times,IDENTICAL_REPETITIONS,True
HWIN-VAR-002,elasticnet,r2,25,5,5 unique fold values repeated 5 times,IDENTICAL_REPETITIONS,True
HWIN-VAR-002,elasticnet,mape,25,5,5 unique fold values repeated 5 times,IDENTICAL_REPETITIONS,True
HWIN-VAR-002,elasticnet,medae,25,5,5 unique fold values repeated 5 times,IDENTICAL_REPETITIONS,True
HWIN-VAR-002,random_forest,mae,25,5,5 unique fold values repeated 5 times,IDENTICAL_REPETITIONS,True
HWIN-VAR-002,random_forest,rmse,25,5,5 unique fold values repeated 5 times,IDENTICAL_REPETITIONS,True
HWIN-VAR-002,random_forest,r2,25,5,5 unique fold values repeated 5 times,IDENTICAL_REPETITIONS,True
HWIN-VAR-002,random_forest,mape,25,5,5 unique fold values repeated 5 times,IDENTICAL_REPETITIONS,True
HWIN-VAR-002,random_forest,medae,25,5,5 unique fold values repeated 5 times,IDENTICAL_REPETITIONS,True
HWIN-VAR-002,extra_trees,mae,25,5,5 unique fold values repeated 5 times,IDENTICAL_REPETITIONS,True
HWIN-VAR-002,extra_trees,rmse,25,5,5 unique fold values repeated 5 times,IDENTICAL_REPETITIONS,True
HWIN-VAR-002,extra_trees,r2,25,5,5 unique fold values repeated 5 times,IDENTICAL_REPETITIONS,True
HWIN-VAR-002,extra_trees,mape,25,5,5 unique fold values repeated 5 times,IDENTICAL_REPETITIONS,True
HWIN-VAR-002,extra_trees,medae,25,5,5 unique fold values repeated 5 times,IDENTICAL_REPETITIONS,True
HWIN-VAR-002,gradient_boosting,mae,25,5,5 unique fold values repeated 5 times,IDENTICAL_REPETITIONS,True
HWIN-VAR-002,gradient_boosting,rmse,25,5,5 unique fold values repeated 5 times,IDENTICAL_REPETITIONS,True
HWIN-VAR-002,gradient_boosting,r2,25,5,5 unique fold values repeated 5 times,IDENTICAL_REPETITIONS,True
HWIN-VAR-002,gradient_boosting,mape,25,5,5 unique fold values repeated 5 times,IDENTICAL_REPETITIONS,True
HWIN-VAR-002,gradient_boosting,medae,25,5,5 unique fold values repeated 5 times,IDENTICAL_REPETITIONS,True
HWIN-VAR-003,linear_regression,mae,25,5,5 unique fold values repeated 5 times,IDENTICAL_REPETITIONS,True
HWIN-VAR-003,linear_regression,rmse,25,5,5 unique fold values repeated 5 times,IDENTICAL_REPETITIONS,True
HWIN-VAR-003,linear_regression,r2,25,5,5 unique fold values repeated 5 times,IDENTICAL_REPETITIONS,True
HWIN-VAR-003,linear_regression,mape,25,5,5 unique fold values repeated 5 times,IDENTICAL_REPETITIONS,True
HWIN-VAR-003,linear_regression,medae,25,5,5 unique fold values repeated 5 times,IDENTICAL_REPETITIONS,True
HWIN-VAR-003,ridge,mae,25,5,5 unique fold values repeated 5 times,IDENTICAL_REPETITIONS,True
HWIN-VAR-003,ridge,rmse,25,5,5 unique fold values repeated 5 times,IDENTICAL_REPETITIONS,True
HWIN-VAR-003,ridge,r2,25,5,5 unique fold values repeated 5 times,IDENTICAL_REPETITIONS,True
HWIN-VAR-003,ridge,mape,25,5,5 unique fold values repeated 5 times,IDENTICAL_REPETITIONS,True
HWIN-VAR-003,ridge,medae,25,5,5 unique fold values repeated 5 times,IDENTICAL_REPETITIONS,True
HWIN-VAR-003,lasso,mae,25,5,5 unique fold values repeated 5 times,IDENTICAL_REPETITIONS,True
HWIN-VAR-003,lasso,rmse,25,5,5 unique fold values repeated 5 times,IDENTICAL_REPETITIONS,True
HWIN-VAR-003,lasso,r2,25,5,5 unique fold values repeated 5 times,IDENTICAL_REPETITIONS,True
HWIN-VAR-003,lasso,mape,25,5,5 unique fold values repeated 5 times,IDENTICAL_REPETITIONS,True
HWIN-VAR-003,lasso,medae,25,5,5 unique fold values repeated 5 times,IDENTICAL_REPETITIONS,True
HWIN-VAR-003,elasticnet,mae,25,5,5 unique fold values repeated 5 times,IDENTICAL_REPETITIONS,True
HWIN-VAR-003,elasticnet,rmse,25,5,5 unique fold values repeated 5 times,IDENTICAL_REPETITIONS,True
HWIN-VAR-003,elasticnet,r2,25,5,5 unique fold values repeated 5 times,IDENTICAL_REPETITIONS,True
HWIN-VAR-003,elasticnet,mape,25,5,5 unique fold values repeated 5 times,IDENTICAL_REPETITIONS,True
HWIN-VAR-003,elasticnet,medae,25,5,5 unique fold values repeated 5 times,IDENTICAL_REPETITIONS,True
HWIN-VAR-003,random_forest,mae,25,5,5 unique fold values repeated 5 times,IDENTICAL_REPETITIONS,True
HWIN-VAR-003,random_forest,rmse,25,5,5 unique fold values repeated 5 times,IDENTICAL_REPETITIONS,True
HWIN-VAR-003,random_forest,r2,25,5,5 unique fold values repeated 5 times,IDENTICAL_REPETITIONS,True
HWIN-VAR-003,random_forest,mape,25,5,5 unique fold values repeated 5 times,IDENTICAL_REPETITIONS,True
HWIN-VAR-003,random_forest,medae,25,5,5 unique fold values repeated 5 times,IDENTICAL_REPETITIONS,True
HWIN-VAR-003,extra_trees,mae,25,5,5 unique fold values repeated 5 times,IDENTICAL_REPETITIONS,True
HWIN-VAR-003,extra_trees,rmse,25,5,5 unique fold values repeated 5 times,IDENTICAL_REPETITIONS,True
HWIN-VAR-003,extra_trees,r2,25,5,5 unique fold values repeated 5 times,IDENTICAL_REPETITIONS,True
HWIN-VAR-003,extra_trees,mape,25,5,5 unique fold values repeated 5 times,IDENTICAL_REPETITIONS,True
HWIN-VAR-003,extra_trees,medae,25,5,5 unique fold values repeated 5 times,IDENTICAL_REPETITIONS,True
HWIN-VAR-003,gradient_boosting,mae,25,5,5 unique fold values repeated 5 times,IDENTICAL_REPETITIONS,True
HWIN-VAR-003,gradient_boosting,rmse,25,5,5 unique fold values repeated 5 times,IDENTICAL_REPETITIONS,True
HWIN-VAR-003,gradient_boosting,r2,25,5,5 unique fold values repeated 5 times,IDENTICAL_REPETITIONS,True
HWIN-VAR-003,gradient_boosting,mape,25,5,5 unique fold values repeated 5 times,IDENTICAL_REPETITIONS,True
HWIN-VAR-003,gradient_boosting,medae,25,5,5 unique fold values repeated 5 times,IDENTICAL_REPETITIONS,True
HWIN-VAR-008,linear_regression,mae,25,5,5 unique fold values repeated 5 times,IDENTICAL_REPETITIONS,True
HWIN-VAR-008,linear_regression,rmse,25,5,5 unique fold values repeated 5 times,IDENTICAL_REPETITIONS,True
HWIN-VAR-008,linear_regression,r2,25,5,5 unique fold values repeated 5 times,IDENTICAL_REPETITIONS,True
HWIN-VAR-008,linear_regression,mape,25,5,5 unique fold values repeated 5 times,IDENTICAL_REPETITIONS,True
HWIN-VAR-008,linear_regression,medae,25,5,5 unique fold values repeated 5 times,IDENTICAL_REPETITIONS,True
HWIN-VAR-008,ridge,mae,25,5,5 unique fold values repeated 5 times,IDENTICAL_REPETITIONS,True
HWIN-VAR-008,ridge,rmse,25,5,5 unique fold values repeated 5 times,IDENTICAL_REPETITIONS,True
HWIN-VAR-008,ridge,r2,25,5,5 unique fold values repeated 5 times,IDENTICAL_REPETITIONS,True
HWIN-VAR-008,ridge,mape,25,5,5 unique fold values repeated 5 times,IDENTICAL_REPETITIONS,True
HWIN-VAR-008,ridge,medae,25,5,5 unique fold values repeated 5 times,IDENTICAL_REPETITIONS,True
HWIN-VAR-008,lasso,mae,25,5,5 unique fold values repeated 5 times,IDENTICAL_REPETITIONS,True
HWIN-VAR-008,lasso,rmse,25,5,5 unique fold values repeated 5 times,IDENTICAL_REPETITIONS,True
HWIN-VAR-008,lasso,r2,25,5,5 unique fold values repeated 5 times,IDENTICAL_REPETITIONS,True
HWIN-VAR-008,lasso,mape,25,5,5 unique fold values repeated 5 times,IDENTICAL_REPETITIONS,True
HWIN-VAR-008,lasso,medae,25,5,5 unique fold values repeated 5 times,IDENTICAL_REPETITIONS,True
HWIN-VAR-008,elasticnet,mae,25,5,5 unique fold values repeated 5 times,IDENTICAL_REPETITIONS,True
HWIN-VAR-008,elasticnet,rmse,25,5,5 unique fold values repeated 5 times,IDENTICAL_REPETITIONS,True
HWIN-VAR-008,elasticnet,r2,25,5,5 unique fold values repeated 5 times,IDENTICAL_REPETITIONS,True
HWIN-VAR-008,elasticnet,mape,25,5,5 unique fold values repeated 5 times,IDENTICAL_REPETITIONS,True
HWIN-VAR-008,elasticnet,medae,25,5,5 unique fold values repeated 5 times,IDENTICAL_REPETITIONS,True
HWIN-VAR-008,random_forest,mae,25,5,5 unique fold values repeated 5 times,IDENTICAL_REPETITIONS,True
HWIN-VAR-008,random_forest,rmse,25,5,5 unique fold values repeated 5 times,IDENTICAL_REPETITIONS,True
HWIN-VAR-008,random_forest,r2,25,5,5 unique fold values repeated 5 times,IDENTICAL_REPETITIONS,True
HWIN-VAR-008,random_forest,mape,25,5,5 unique fold values repeated 5 times,IDENTICAL_REPETITIONS,True
HWIN-VAR-008,random_forest,medae,25,5,5 unique fold values repeated 5 times,IDENTICAL_REPETITIONS,True
HWIN-VAR-008,extra_trees,mae,25,5,5 unique fold values repeated 5 times,IDENTICAL_REPETITIONS,True
HWIN-VAR-008,extra_trees,rmse,25,5,5 unique fold values repeated 5 times,IDENTICAL_REPETITIONS,True
HWIN-VAR-008,extra_trees,r2,25,5,5 unique fold values repeated 5 times,IDENTICAL_REPETITIONS,True
HWIN-VAR-008,extra_trees,mape,25,5,5 unique fold values repeated 5 times,IDENTICAL_REPETITIONS,True
HWIN-VAR-008,extra_trees,medae,25,5,5 unique fold values repeated 5 times,IDENTICAL_REPETITIONS,True
HWIN-VAR-008,gradient_boosting,mae,25,5,5 unique fold values repeated 5 times,IDENTICAL_REPETITIONS,True
HWIN-VAR-008,gradient_boosting,rmse,25,5,5 unique fold values repeated 5 times,IDENTICAL_REPETITIONS,True
HWIN-VAR-008,gradient_boosting,r2,25,5,5 unique fold values repeated 5 times,IDENTICAL_REPETITIONS,True
HWIN-VAR-008,gradient_boosting,mape,25,5,5 unique fold values repeated 5 times,IDENTICAL_REPETITIONS,True
HWIN-VAR-008,gradient_boosting,medae,25,5,5 unique fold values repeated 5 times,IDENTICAL_REPETITIONS,True
HWIN-VAR-009,linear_regression,mae,25,5,5 unique fold values repeated 5 times,IDENTICAL_REPETITIONS,True
HWIN-VAR-009,linear_regression,rmse,25,5,5 unique fold values repeated 5 times,IDENTICAL_REPETITIONS,True
HWIN-VAR-009,linear_regression,r2,25,5,5 unique fold values repeated 5 times,IDENTICAL_REPETITIONS,True
HWIN-VAR-009,linear_regression,mape,25,5,5 unique fold values repeated 5 times,IDENTICAL_REPETITIONS,True
HWIN-VAR-009,linear_regression,medae,25,5,5 unique fold values repeated 5 times,IDENTICAL_REPETITIONS,True
HWIN-VAR-009,ridge,mae,25,5,5 unique fold values repeated 5 times,IDENTICAL_REPETITIONS,True
HWIN-VAR-009,ridge,rmse,25,5,5 unique fold values repeated 5 times,IDENTICAL_REPETITIONS,True
HWIN-VAR-009,ridge,r2,25,5,5 unique fold values repeated 5 times,IDENTICAL_REPETITIONS,True
HWIN-VAR-009,ridge,mape,25,5,5 unique fold values repeated 5 times,IDENTICAL_REPETITIONS,True
HWIN-VAR-009,ridge,medae,25,5,5 unique fold values repeated 5 times,IDENTICAL_REPETITIONS,True
HWIN-VAR-009,lasso,mae,25,5,5 unique fold values repeated 5 times,IDENTICAL_REPETITIONS,True
HWIN-VAR-009,lasso,rmse,25,5,5 unique fold values repeated 5 times,IDENTICAL_REPETITIONS,True
HWIN-VAR-009,lasso,r2,25,5,5 unique fold values repeated 5 times,IDENTICAL_REPETITIONS,True
HWIN-VAR-009,lasso,mape,25,5,5 unique fold values repeated 5 times,IDENTICAL_REPETITIONS,True
HWIN-VAR-009,lasso,medae,25,5,5 unique fold values repeated 5 times,IDENTICAL_REPETITIONS,True
HWIN-VAR-009,elasticnet,mae,25,5,5 unique fold values repeated 5 times,IDENTICAL_REPETITIONS,True
HWIN-VAR-009,elasticnet,rmse,25,5,5 unique fold values repeated 5 times,IDENTICAL_REPETITIONS,True
HWIN-VAR-009,elasticnet,r2,25,5,5 unique fold values repeated 5 times,IDENTICAL_REPETITIONS,True
HWIN-VAR-009,elasticnet,mape,25,5,5 unique fold values repeated 5 times,IDENTICAL_REPETITIONS,True
HWIN-VAR-009,elasticnet,medae,25,5,5 unique fold values repeated 5 times,IDENTICAL_REPETITIONS,True
HWIN-VAR-009,random_forest,mae,25,5,5 unique fold values repeated 5 times,IDENTICAL_REPETITIONS,True
HWIN-VAR-009,random_forest,rmse,25,5,5 unique fold values repeated 5 times,IDENTICAL_REPETITIONS,True
HWIN-VAR-009,random_forest,r2,25,5,5 unique fold values repeated 5 times,IDENTICAL_REPETITIONS,True
HWIN-VAR-009,random_forest,mape,25,5,5 unique fold values repeated 5 times,IDENTICAL_REPETITIONS,True
HWIN-VAR-009,random_forest,medae,25,5,5 unique fold values repeated 5 times,IDENTICAL_REPETITIONS,True
HWIN-VAR-009,extra_trees,mae,25,5,5 unique fold values repeated 5 times,IDENTICAL_REPETITIONS,True
HWIN-VAR-009,extra_trees,rmse,25,5,5 unique fold values repeated 5 times,IDENTICAL_REPETITIONS,True
HWIN-VAR-009,extra_trees,r2,25,5,5 unique fold values repeated 5 times,IDENTICAL_REPETITIONS,True
HWIN-VAR-009,extra_trees,mape,25,5,5 unique fold values repeated 5 times,IDENTICAL_REPETITIONS,True
HWIN-VAR-009,extra_trees,medae,25,5,5 unique fold values repeated 5 times,IDENTICAL_REPETITIONS,True
HWIN-VAR-009,gradient_boosting,mae,25,5,5 unique fold values repeated 5 times,IDENTICAL_REPETITIONS,True
HWIN-VAR-009,gradient_boosting,rmse,25,5,5 unique fold values repeated 5 times,IDENTICAL_REPETITIONS,True
HWIN-VAR-009,gradient_boosting,r2,25,5,5 unique fold values repeated 5 times,IDENTICAL_REPETITIONS,True
HWIN-VAR-009,gradient_boosting,mape,25,5,5 unique fold values repeated 5 times,IDENTICAL_REPETITIONS,True
HWIN-VAR-009,gradient_boosting,medae,25,5,5 unique fold values repeated 5 times,IDENTICAL_REPETITIONS,True
HWIN-VAR-010,linear_regression,mae,25,5,5 unique fold values repeated 5 times,IDENTICAL_REPETITIONS,True
HWIN-VAR-010,linear_regression,rmse,25,5,5 unique fold values repeated 5 times,IDENTICAL_REPETITIONS,True
HWIN-VAR-010,linear_regression,r2,25,5,5 unique fold values repeated 5 times,IDENTICAL_REPETITIONS,True
HWIN-VAR-010,linear_regression,mape,25,5,5 unique fold values repeated 5 times,IDENTICAL_REPETITIONS,True
HWIN-VAR-010,linear_regression,medae,25,5,5 unique fold values repeated 5 times,IDENTICAL_REPETITIONS,True
HWIN-VAR-010,ridge,mae,25,5,5 unique fold values repeated 5 times,IDENTICAL_REPETITIONS,True
HWIN-VAR-010,ridge,rmse,25,5,5 unique fold values repeated 5 times,IDENTICAL_REPETITIONS,True
HWIN-VAR-010,ridge,r2,25,5,5 unique fold values repeated 5 times,IDENTICAL_REPETITIONS,True
HWIN-VAR-010,ridge,mape,25,5,5 unique fold values repeated 5 times,IDENTICAL_REPETITIONS,True
HWIN-VAR-010,ridge,medae,25,5,5 unique fold values repeated 5 times,IDENTICAL_REPETITIONS,True
HWIN-VAR-010,lasso,mae,25,5,5 unique fold values repeated 5 times,IDENTICAL_REPETITIONS,True
HWIN-VAR-010,lasso,rmse,25,5,5 unique fold values repeated 5 times,IDENTICAL_REPETITIONS,True
HWIN-VAR-010,lasso,r2,25,5,5 unique fold values repeated 5 times,IDENTICAL_REPETITIONS,True
HWIN-VAR-010,lasso,mape,25,5,5 unique fold values repeated 5 times,IDENTICAL_REPETITIONS,True
HWIN-VAR-010,lasso,medae,25,5,5 unique fold values repeated 5 times,IDENTICAL_REPETITIONS,True
HWIN-VAR-010,elasticnet,mae,25,5,5 unique fold values repeated 5 times,IDENTICAL_REPETITIONS,True
HWIN-VAR-010,elasticnet,rmse,25,5,5 unique fold values repeated 5 times,IDENTICAL_REPETITIONS,True
HWIN-VAR-010,elasticnet,r2,25,5,5 unique fold values repeated 5 times,IDENTICAL_REPETITIONS,True
HWIN-VAR-010,elasticnet,mape,25,5,5 unique fold values repeated 5 times,IDENTICAL_REPETITIONS,True
HWIN-VAR-010,elasticnet,medae,25,5,5 unique fold values repeated 5 times,IDENTICAL_REPETITIONS,True
HWIN-VAR-010,random_forest,mae,25,5,5 unique fold values repeated 5 times,IDENTICAL_REPETITIONS,True
HWIN-VAR-010,random_forest,rmse,25,5,5 unique fold values repeated 5 times,IDENTICAL_REPETITIONS,True
HWIN-VAR-010,random_forest,r2,25,5,5 unique fold values repeated 5 times,IDENTICAL_REPETITIONS,True
HWIN-VAR-010,random_forest,mape,25,5,5 unique fold values repeated 5 times,IDENTICAL_REPETITIONS,True
HWIN-VAR-010,random_forest,medae,25,5,5 unique fold values repeated 5 times,IDENTICAL_REPETITIONS,True
HWIN-VAR-010,extra_trees,mae,25,5,5 unique fold values repeated 5 times,IDENTICAL_REPETITIONS,True
HWIN-VAR-010,extra_trees,rmse,25,5,5 unique fold values repeated 5 times,IDENTICAL_REPETITIONS,True
HWIN-VAR-010,extra_trees,r2,25,5,5 unique fold values repeated 5 times,IDENTICAL_REPETITIONS,True
HWIN-VAR-010,extra_trees,mape,25,5,5 unique fold values repeated 5 times,IDENTICAL_REPETITIONS,True
HWIN-VAR-010,extra_trees,medae,25,5,5 unique fold values repeated 5 times,IDENTICAL_REPETITIONS,True
HWIN-VAR-010,gradient_boosting,mae,25,5,5 unique fold values repeated 5 times,IDENTICAL_REPETITIONS,True
HWIN-VAR-010,gradient_boosting,rmse,25,5,5 unique fold values repeated 5 times,IDENTICAL_REPETITIONS,True
HWIN-VAR-010,gradient_boosting,r2,25,5,5 unique fold values repeated 5 times,IDENTICAL_REPETITIONS,True
HWIN-VAR-010,gradient_boosting,mape,25,5,5 unique fold values repeated 5 times,IDENTICAL_REPETITIONS,True
HWIN-VAR-010,gradient_boosting,medae,25,5,5 unique fold values repeated 5 times,IDENTICAL_REPETITIONS,True
HWIN-VAR-014,linear_regression,mae,25,5,5 unique fold values repeated 5 times,IDENTICAL_REPETITIONS,True
HWIN-VAR-014,linear_regression,rmse,25,5,5 unique fold values repeated 5 times,IDENTICAL_REPETITIONS,True
HWIN-VAR-014,linear_regression,r2,25,5,5 unique fold values repeated 5 times,IDENTICAL_REPETITIONS,True
HWIN-VAR-014,linear_regression,mape,25,5,5 unique fold values repeated 5 times,IDENTICAL_REPETITIONS,True
HWIN-VAR-014,linear_regression,medae,25,5,5 unique fold values repeated 5 times,IDENTICAL_REPETITIONS,True
HWIN-VAR-014,ridge,mae,25,5,5 unique fold values repeated 5 times,IDENTICAL_REPETITIONS,True
HWIN-VAR-014,ridge,rmse,25,5,5 unique fold values repeated 5 times,IDENTICAL_REPETITIONS,True
HWIN-VAR-014,ridge,r2,25,5,5 unique fold values repeated 5 times,IDENTICAL_REPETITIONS,True
HWIN-VAR-014,ridge,mape,25,5,5 unique fold values repeated 5 times,IDENTICAL_REPETITIONS,True
HWIN-VAR-014,ridge,medae,25,5,5 unique fold values repeated 5 times,IDENTICAL_REPETITIONS,True
HWIN-VAR-014,lasso,mae,25,5,5 unique fold values repeated 5 times,IDENTICAL_REPETITIONS,True
HWIN-VAR-014,lasso,rmse,25,5,5 unique fold values repeated 5 times,IDENTICAL_REPETITIONS,True
HWIN-VAR-014,lasso,r2,25,5,5 unique fold values repeated 5 times,IDENTICAL_REPETITIONS,True
HWIN-VAR-014,lasso,mape,25,5,5 unique fold values repeated 5 times,IDENTICAL_REPETITIONS,True
HWIN-VAR-014,lasso,medae,25,5,5 unique fold values repeated 5 times,IDENTICAL_REPETITIONS,True
HWIN-VAR-014,elasticnet,mae,25,5,5 unique fold values repeated 5 times,IDENTICAL_REPETITIONS,True
HWIN-VAR-014,elasticnet,rmse,25,5,5 unique fold values repeated 5 times,IDENTICAL_REPETITIONS,True
HWIN-VAR-014,elasticnet,r2,25,5,5 unique fold values repeated 5 times,IDENTICAL_REPETITIONS,True
HWIN-VAR-014,elasticnet,mape,25,5,5 unique fold values repeated 5 times,IDENTICAL_REPETITIONS,True
HWIN-VAR-014,elasticnet,medae,25,5,5 unique fold values repeated 5 times,IDENTICAL_REPETITIONS,True
HWIN-VAR-014,random_forest,mae,25,5,5 unique fold values repeated 5 times,IDENTICAL_REPETITIONS,True
HWIN-VAR-014,random_forest,rmse,25,5,5 unique fold values repeated 5 times,IDENTICAL_REPETITIONS,True
HWIN-VAR-014,random_forest,r2,25,5,5 unique fold values repeated 5 times,IDENTICAL_REPETITIONS,True
HWIN-VAR-014,random_forest,mape,25,5,5 unique fold values repeated 5 times,IDENTICAL_REPETITIONS,True
HWIN-VAR-014,random_forest,medae,25,5,5 unique fold values repeated 5 times,IDENTICAL_REPETITIONS,True
HWIN-VAR-014,extra_trees,mae,25,5,5 unique fold values repeated 5 times,IDENTICAL_REPETITIONS,True
HWIN-VAR-014,extra_trees,rmse,25,5,5 unique fold values repeated 5 times,IDENTICAL_REPETITIONS,True
HWIN-VAR-014,extra_trees,r2,25,5,5 unique fold values repeated 5 times,IDENTICAL_REPETITIONS,True
HWIN-VAR-014,extra_trees,mape,25,5,5 unique fold values repeated 5 times,IDENTICAL_REPETITIONS,True
HWIN-VAR-014,extra_trees,medae,25,5,5 unique fold values repeated 5 times,IDENTICAL_REPETITIONS,True
HWIN-VAR-014,gradient_boosting,mae,25,5,5 unique fold values repeated 5 times,IDENTICAL_REPETITIONS,True
HWIN-VAR-014,gradient_boosting,rmse,25,5,5 unique fold values repeated 5 times,IDENTICAL_REPETITIONS,True
HWIN-VAR-014,gradient_boosting,r2,25,5,5 unique fold values repeated 5 times,IDENTICAL_REPETITIONS,True
HWIN-VAR-014,gradient_boosting,mape,25,5,5 unique fold values repeated 5 times,IDENTICAL_REPETITIONS,True
HWIN-VAR-014,gradient_boosting,medae,25,5,5 unique fold values repeated 5 times,IDENTICAL_REPETITIONS,True
HWIN-VAR-015,linear_regression,mae,25,5,5 unique fold values repeated 5 times,IDENTICAL_REPETITIONS,True
HWIN-VAR-015,linear_regression,rmse,25,5,5 unique fold values repeated 5 times,IDENTICAL_REPETITIONS,True
HWIN-VAR-015,linear_regression,r2,25,5,5 unique fold values repeated 5 times,IDENTICAL_REPETITIONS,True
HWIN-VAR-015,linear_regression,mape,25,5,5 unique fold values repeated 5 times,IDENTICAL_REPETITIONS,True
HWIN-VAR-015,linear_regression,medae,25,5,5 unique fold values repeated 5 times,IDENTICAL_REPETITIONS,True
HWIN-VAR-015,ridge,mae,25,5,5 unique fold values repeated 5 times,IDENTICAL_REPETITIONS,True
HWIN-VAR-015,ridge,rmse,25,5,5 unique fold values repeated 5 times,IDENTICAL_REPETITIONS,True
HWIN-VAR-015,ridge,r2,25,5,5 unique fold values repeated 5 times,IDENTICAL_REPETITIONS,True
HWIN-VAR-015,ridge,mape,25,5,5 unique fold values repeated 5 times,IDENTICAL_REPETITIONS,True
HWIN-VAR-015,ridge,medae,25,5,5 unique fold values repeated 5 times,IDENTICAL_REPETITIONS,True
HWIN-VAR-015,lasso,mae,25,5,5 unique fold values repeated 5 times,IDENTICAL_REPETITIONS,True
HWIN-VAR-015,lasso,rmse,25,5,5 unique fold values repeated 5 times,IDENTICAL_REPETITIONS,True
HWIN-VAR-015,lasso,r2,25,5,5 unique fold values repeated 5 times,IDENTICAL_REPETITIONS,True
HWIN-VAR-015,lasso,mape,25,5,5 unique fold values repeated 5 times,IDENTICAL_REPETITIONS,True
HWIN-VAR-015,lasso,medae,25,5,5 unique fold values repeated 5 times,IDENTICAL_REPETITIONS,True
HWIN-VAR-015,elasticnet,mae,25,5,5 unique fold values repeated 5 times,IDENTICAL_REPETITIONS,True
HWIN-VAR-015,elasticnet,rmse,25,5,5 unique fold values repeated 5 times,IDENTICAL_REPETITIONS,True
HWIN-VAR-015,elasticnet,r2,25,5,5 unique fold values repeated 5 times,IDENTICAL_REPETITIONS,True
HWIN-VAR-015,elasticnet,mape,25,5,5 unique fold values repeated 5 times,IDENTICAL_REPETITIONS,True
HWIN-VAR-015,elasticnet,medae,25,5,5 unique fold values repeated 5 times,IDENTICAL_REPETITIONS,True
HWIN-VAR-015,random_forest,mae,25,5,5 unique fold values repeated 5 times,IDENTICAL_REPETITIONS,True
HWIN-VAR-015,random_forest,rmse,25,5,5 unique fold values repeated 5 times,IDENTICAL_REPETITIONS,True
HWIN-VAR-015,random_forest,r2,25,5,5 unique fold values repeated 5 times,IDENTICAL_REPETITIONS,True
HWIN-VAR-015,random_forest,mape,25,5,5 unique fold values repeated 5 times,IDENTICAL_REPETITIONS,True
HWIN-VAR-015,random_forest,medae,25,5,5 unique fold values repeated 5 times,IDENTICAL_REPETITIONS,True
HWIN-VAR-015,extra_trees,mae,25,5,5 unique fold values repeated 5 times,IDENTICAL_REPETITIONS,True
HWIN-VAR-015,extra_trees,rmse,25,5,5 unique fold values repeated 5 times,IDENTICAL_REPETITIONS,True
HWIN-VAR-015,extra_trees,r2,25,5,5 unique fold values repeated 5 times,IDENTICAL_REPETITIONS,True
HWIN-VAR-015,extra_trees,mape,25,5,5 unique fold values repeated 5 times,IDENTICAL_REPETITIONS,True
HWIN-VAR-015,extra_trees,medae,25,5,5 unique fold values repeated 5 times,IDENTICAL_REPETITIONS,True
HWIN-VAR-015,gradient_boosting,mae,25,5,5 unique fold values repeated 5 times,IDENTICAL_REPETITIONS,True
HWIN-VAR-015,gradient_boosting,rmse,25,5,5 unique fold values repeated 5 times,IDENTICAL_REPETITIONS,True
HWIN-VAR-015,gradient_boosting,r2,25,5,5 unique fold values repeated 5 times,IDENTICAL_REPETITIONS,True
HWIN-VAR-015,gradient_boosting,mape,25,5,5 unique fold values repeated 5 times,IDENTICAL_REPETITIONS,True
HWIN-VAR-015,gradient_boosting,medae,25,5,5 unique fold values repeated 5 times,IDENTICAL_REPETITIONS,True
HWIN-VAR-028,linear_regression,mae,25,5,5 unique fold values repeated 5 times,IDENTICAL_REPETITIONS,True
HWIN-VAR-028,linear_regression,rmse,25,5,5 unique fold values repeated 5 times,IDENTICAL_REPETITIONS,True
HWIN-VAR-028,linear_regression,r2,25,5,5 unique fold values repeated 5 times,IDENTICAL_REPETITIONS,True
HWIN-VAR-028,linear_regression,mape,25,5,5 unique fold values repeated 5 times,IDENTICAL_REPETITIONS,True
HWIN-VAR-028,linear_regression,medae,25,5,5 unique fold values repeated 5 times,IDENTICAL_REPETITIONS,True
HWIN-VAR-028,ridge,mae,25,5,5 unique fold values repeated 5 times,IDENTICAL_REPETITIONS,True
HWIN-VAR-028,ridge,rmse,25,5,5 unique fold values repeated 5 times,IDENTICAL_REPETITIONS,True
HWIN-VAR-028,ridge,r2,25,5,5 unique fold values repeated 5 times,IDENTICAL_REPETITIONS,True
HWIN-VAR-028,ridge,mape,25,5,5 unique fold values repeated 5 times,IDENTICAL_REPETITIONS,True
HWIN-VAR-028,ridge,medae,25,5,5 unique fold values repeated 5 times,IDENTICAL_REPETITIONS,True
HWIN-VAR-028,lasso,mae,25,5,5 unique fold values repeated 5 times,IDENTICAL_REPETITIONS,True
HWIN-VAR-028,lasso,rmse,25,5,5 unique fold values repeated 5 times,IDENTICAL_REPETITIONS,True
HWIN-VAR-028,lasso,r2,25,5,5 unique fold values repeated 5 times,IDENTICAL_REPETITIONS,True
HWIN-VAR-028,lasso,mape,25,5,5 unique fold values repeated 5 times,IDENTICAL_REPETITIONS,True
HWIN-VAR-028,lasso,medae,25,5,5 unique fold values repeated 5 times,IDENTICAL_REPETITIONS,True
HWIN-VAR-028,elasticnet,mae,25,5,5 unique fold values repeated 5 times,IDENTICAL_REPETITIONS,True
HWIN-VAR-028,elasticnet,rmse,25,5,5 unique fold values repeated 5 times,IDENTICAL_REPETITIONS,True
HWIN-VAR-028,elasticnet,r2,25,5,5 unique fold values repeated 5 times,IDENTICAL_REPETITIONS,True
HWIN-VAR-028,elasticnet,mape,25,5,5 unique fold values repeated 5 times,IDENTICAL_REPETITIONS,True
HWIN-VAR-028,elasticnet,medae,25,5,5 unique fold values repeated 5 times,IDENTICAL_REPETITIONS,True
HWIN-VAR-028,random_forest,mae,25,5,5 unique fold values repeated 5 times,IDENTICAL_REPETITIONS,True
HWIN-VAR-028,random_forest,rmse,25,5,5 unique fold values repeated 5 times,IDENTICAL_REPETITIONS,True
HWIN-VAR-028,random_forest,r2,25,5,5 unique fold values repeated 5 times,IDENTICAL_REPETITIONS,True
HWIN-VAR-028,random_forest,mape,25,5,5 unique fold values repeated 5 times,IDENTICAL_REPETITIONS,True
HWIN-VAR-028,random_forest,medae,25,5,5 unique fold values repeated 5 times,IDENTICAL_REPETITIONS,True
HWIN-VAR-028,extra_trees,mae,25,5,5 unique fold values repeated 5 times,IDENTICAL_REPETITIONS,True
HWIN-VAR-028,extra_trees,rmse,25,5,5 unique fold values repeated 5 times,IDENTICAL_REPETITIONS,True
HWIN-VAR-028,extra_trees,r2,25,5,5 unique fold values repeated 5 times,IDENTICAL_REPETITIONS,True
HWIN-VAR-028,extra_trees,mape,25,5,5 unique fold values repeated 5 times,IDENTICAL_REPETITIONS,True
HWIN-VAR-028,extra_trees,medae,25,5,5 unique fold values repeated 5 times,IDENTICAL_REPETITIONS,True
HWIN-VAR-028,gradient_boosting,mae,25,5,5 unique fold values repeated 5 times,IDENTICAL_REPETITIONS,True
HWIN-VAR-028,gradient_boosting,rmse,25,5,5 unique fold values repeated 5 times,IDENTICAL_REPETITIONS,True
HWIN-VAR-028,gradient_boosting,r2,25,5,5 unique fold values repeated 5 times,IDENTICAL_REPETITIONS,True
HWIN-VAR-028,gradient_boosting,mape,25,5,5 unique fold values repeated 5 times,IDENTICAL_REPETITIONS,True
HWIN-VAR-028,gradient_boosting,medae,25,5,5 unique fold values repeated 5 times,IDENTICAL_REPETITIONS,True
HWIN-VAR-031,linear_regression,mae,25,5,5 unique fold values repeated 5 times,IDENTICAL_REPETITIONS,True
HWIN-VAR-031,linear_regression,rmse,25,5,5 unique fold values repeated 5 times,IDENTICAL_REPETITIONS,True
HWIN-VAR-031,linear_regression,r2,25,5,5 unique fold values repeated 5 times,IDENTICAL_REPETITIONS,True
HWIN-VAR-031,linear_regression,mape,25,5,5 unique fold values repeated 5 times,IDENTICAL_REPETITIONS,True
HWIN-VAR-031,linear_regression,medae,25,5,5 unique fold values repeated 5 times,IDENTICAL_REPETITIONS,True
HWIN-VAR-031,ridge,mae,25,5,5 unique fold values repeated 5 times,IDENTICAL_REPETITIONS,True
HWIN-VAR-031,ridge,rmse,25,5,5 unique fold values repeated 5 times,IDENTICAL_REPETITIONS,True
HWIN-VAR-031,ridge,r2,25,5,5 unique fold values repeated 5 times,IDENTICAL_REPETITIONS,True
HWIN-VAR-031,ridge,mape,25,5,5 unique fold values repeated 5 times,IDENTICAL_REPETITIONS,True
HWIN-VAR-031,ridge,medae,25,5,5 unique fold values repeated 5 times,IDENTICAL_REPETITIONS,True
HWIN-VAR-031,lasso,mae,25,5,5 unique fold values repeated 5 times,IDENTICAL_REPETITIONS,True
HWIN-VAR-031,lasso,rmse,25,5,5 unique fold values repeated 5 times,IDENTICAL_REPETITIONS,True
HWIN-VAR-031,lasso,r2,25,5,5 unique fold values repeated 5 times,IDENTICAL_REPETITIONS,True
HWIN-VAR-031,lasso,mape,25,5,5 unique fold values repeated 5 times,IDENTICAL_REPETITIONS,True
HWIN-VAR-031,lasso,medae,25,5,5 unique fold values repeated 5 times,IDENTICAL_REPETITIONS,True
HWIN-VAR-031,elasticnet,mae,25,5,5 unique fold values repeated 5 times,IDENTICAL_REPETITIONS,True
HWIN-VAR-031,elasticnet,rmse,25,5,5 unique fold values repeated 5 times,IDENTICAL_REPETITIONS,True
HWIN-VAR-031,elasticnet,r2,25,5,5 unique fold values repeated 5 times,IDENTICAL_REPETITIONS,True
HWIN-VAR-031,elasticnet,mape,25,5,5 unique fold values repeated 5 times,IDENTICAL_REPETITIONS,True
HWIN-VAR-031,elasticnet,medae,25,5,5 unique fold values repeated 5 times,IDENTICAL_REPETITIONS,True
HWIN-VAR-031,random_forest,mae,25,5,5 unique fold values repeated 5 times,IDENTICAL_REPETITIONS,True
HWIN-VAR-031,random_forest,rmse,25,5,5 unique fold values repeated 5 times,IDENTICAL_REPETITIONS,True
HWIN-VAR-031,random_forest,r2,25,5,5 unique fold values repeated 5 times,IDENTICAL_REPETITIONS,True
HWIN-VAR-031,random_forest,mape,25,5,5 unique fold values repeated 5 times,IDENTICAL_REPETITIONS,True
HWIN-VAR-031,random_forest,medae,25,5,5 unique fold values repeated 5 times,IDENTICAL_REPETITIONS,True
HWIN-VAR-031,extra_trees,mae,25,5,5 unique fold values repeated 5 times,IDENTICAL_REPETITIONS,True
HWIN-VAR-031,extra_trees,rmse,25,5,5 unique fold values repeated 5 times,IDENTICAL_REPETITIONS,True
HWIN-VAR-031,extra_trees,r2,25,5,5 unique fold values repeated 5 times,IDENTICAL_REPETITIONS,True
HWIN-VAR-031,extra_trees,mape,25,5,5 unique fold values repeated 5 times,IDENTICAL_REPETITIONS,True
HWIN-VAR-031,extra_trees,medae,25,5,5 unique fold values repeated 5 times,IDENTICAL_REPETITIONS,True
HWIN-VAR-031,gradient_boosting,mae,25,5,5 unique fold values repeated 5 times,IDENTICAL_REPETITIONS,True
HWIN-VAR-031,gradient_boosting,rmse,25,5,5 unique fold values repeated 5 times,IDENTICAL_REPETITIONS,True
HWIN-VAR-031,gradient_boosting,r2,25,5,5 unique fold values repeated 5 times,IDENTICAL_REPETITIONS,True
HWIN-VAR-031,gradient_boosting,mape,25,5,5 unique fold values repeated 5 times,IDENTICAL_REPETITIONS,True
HWIN-VAR-031,gradient_boosting,medae,25,5,5 unique fold values repeated 5 times,IDENTICAL_REPETITIONS,True
HWIN-VAR-033,linear_regression,mae,25,5,5 unique fold values repeated 5 times,IDENTICAL_REPETITIONS,True
HWIN-VAR-033,linear_regression,rmse,25,5,5 unique fold values repeated 5 times,IDENTICAL_REPETITIONS,True
HWIN-VAR-033,linear_regression,r2,25,5,5 unique fold values repeated 5 times,IDENTICAL_REPETITIONS,True
HWIN-VAR-033,linear_regression,mape,25,5,5 unique fold values repeated 5 times,IDENTICAL_REPETITIONS,True
HWIN-VAR-033,linear_regression,medae,25,5,5 unique fold values repeated 5 times,IDENTICAL_REPETITIONS,True
HWIN-VAR-033,ridge,mae,25,5,5 unique fold values repeated 5 times,IDENTICAL_REPETITIONS,True
HWIN-VAR-033,ridge,rmse,25,5,5 unique fold values repeated 5 times,IDENTICAL_REPETITIONS,True
HWIN-VAR-033,ridge,r2,25,5,5 unique fold values repeated 5 times,IDENTICAL_REPETITIONS,True
HWIN-VAR-033,ridge,mape,25,5,5 unique fold values repeated 5 times,IDENTICAL_REPETITIONS,True
HWIN-VAR-033,ridge,medae,25,5,5 unique fold values repeated 5 times,IDENTICAL_REPETITIONS,True
HWIN-VAR-033,lasso,mae,25,5,5 unique fold values repeated 5 times,IDENTICAL_REPETITIONS,True
HWIN-VAR-033,lasso,rmse,25,5,5 unique fold values repeated 5 times,IDENTICAL_REPETITIONS,True
HWIN-VAR-033,lasso,r2,25,5,5 unique fold values repeated 5 times,IDENTICAL_REPETITIONS,True
HWIN-VAR-033,lasso,mape,25,5,5 unique fold values repeated 5 times,IDENTICAL_REPETITIONS,True
HWIN-VAR-033,lasso,medae,25,5,5 unique fold values repeated 5 times,IDENTICAL_REPETITIONS,True
HWIN-VAR-033,elasticnet,mae,25,5,5 unique fold values repeated 5 times,IDENTICAL_REPETITIONS,True
HWIN-VAR-033,elasticnet,rmse,25,5,5 unique fold values repeated 5 times,IDENTICAL_REPETITIONS,True
HWIN-VAR-033,elasticnet,r2,25,5,5 unique fold values repeated 5 times,IDENTICAL_REPETITIONS,True
HWIN-VAR-033,elasticnet,mape,25,5,5 unique fold values repeated 5 times,IDENTICAL_REPETITIONS,True
HWIN-VAR-033,elasticnet,medae,25,5,5 unique fold values repeated 5 times,IDENTICAL_REPETITIONS,True
HWIN-VAR-033,random_forest,mae,25,5,5 unique fold values repeated 5 times,IDENTICAL_REPETITIONS,True
HWIN-VAR-033,random_forest,rmse,25,5,5 unique fold values repeated 5 times,IDENTICAL_REPETITIONS,True
HWIN-VAR-033,random_forest,r2,25,5,5 unique fold values repeated 5 times,IDENTICAL_REPETITIONS,True
HWIN-VAR-033,random_forest,mape,25,5,5 unique fold values repeated 5 times,IDENTICAL_REPETITIONS,True
HWIN-VAR-033,random_forest,medae,25,5,5 unique fold values repeated 5 times,IDENTICAL_REPETITIONS,True
HWIN-VAR-033,extra_trees,mae,25,5,5 unique fold values repeated 5 times,IDENTICAL_REPETITIONS,True
HWIN-VAR-033,extra_trees,rmse,25,5,5 unique fold values repeated 5 times,IDENTICAL_REPETITIONS,True
HWIN-VAR-033,extra_trees,r2,25,5,5 unique fold values repeated 5 times,IDENTICAL_REPETITIONS,True
HWIN-VAR-033,extra_trees,mape,25,5,5 unique fold values repeated 5 times,IDENTICAL_REPETITIONS,True
HWIN-VAR-033,extra_trees,medae,25,5,5 unique fold values repeated 5 times,IDENTICAL_REPETITIONS,True
HWIN-VAR-033,gradient_boosting,mae,25,5,5 unique fold values repeated 5 times,IDENTICAL_REPETITIONS,True
HWIN-VAR-033,gradient_boosting,rmse,25,5,5 unique fold values repeated 5 times,IDENTICAL_REPETITIONS,True
HWIN-VAR-033,gradient_boosting,r2,25,5,5 unique fold values repeated 5 times,IDENTICAL_REPETITIONS,True
HWIN-VAR-033,gradient_boosting,mape,25,5,5 unique fold values repeated 5 times,IDENTICAL_REPETITIONS,True
HWIN-VAR-033,gradient_boosting,medae,25,5,5 unique fold values repeated 5 times,IDENTICAL_REPETITIONS,True
