Canonical_ID,Canonical_Name,Definition,Scientific_Meaning,Accepted_Synonyms,Typical_Units,SI_Unit,Preferred_Datatype,Expected_Range,Measurement_Methods,Common_Instruments,Related_Variables,Parent_Category,accepted_units
HWIN-VAR-001,Water Temperature,The intensity of heat present in water,Measure of average kinetic energy of water molecules,"Temp, WaterTemp, WTEMP, Temperature, Twater",deg C," deg F,  K, K (typically reported in deg C)",Float,-2 to 40 deg C (liquid water range),Direct measurement via thermistor thermocouple or expansion thermometer,"YSI ProDSS, Hach HQ40d, Onset Tidbit, HOBO Water Temp Pro",Air Temperature Depth Specific Conductance,Physical,K|deg C|deg F|deg c
HWIN-VAR-002,pH,Negative base-10 logarithm of hydrogen ion activity in water,Measure of acidity alkalinity indicates proton concentration,"pH, pH_value",pH units (dimensionless),pH unit,Float,0 to 14 (typically 0-14 for natural waters),Electrometric measurement using glass electrode,"YSI pH probe, Hach pH electrode, Hanna Instruments",Temperature (for compensation) Alkalinity,Physical,pH unit|std unit|std units
HWIN-VAR-003,Dissolved Oxygen,Concentration of oxygen gas dissolved in water,Amount of O2 available for aquatic respiration and chemical oxidation,"DO, DissolvedOxygen, DO_mg/L",mg/L," % saturation, mol/m3 (SI) but typically mg/L",Float,0 to 20 mg/L (depending on temperature and pressure),Membrane electrode (Clark cell) optical luminescence Winkler titration,"YSI ProODO, Hach LDO, WTW Oxibar",Temperature Percent Saturation Specific Conductance,Physical,mg/L|mg/l|mol/m3|percent
HWIN-VAR-004,Turbidity,Measure of light scattering by suspended particles in water,Indicator of water clarity and particulate concentration,"Turbidity, Turb, NTU",NTU," FNU,  FTU, m-1 (SI) but typically NTU",Float,0 to 1000+ NTU (environmental range),Nephlometric measurement (90 degree scattering),"Hach 2100N, YSI EXO2, Turbidimeter",Total Suspended Solids Transparency,Physical,FNU|NTRU|NTU|m-1
HWIN-VAR-005,Specific Conductance,Measure of water ability to conduct electrical current,Indicator of ionic concentration and dissolved solids,"SpCond, Conductivity, EC",uS/cm," mS/m, S/m (SI)",Float,0 to 100+ mS/m (fresh to saline water),Measurement via alternating current and voltage drop,"YSI ProDSS, Hach HQ40d, WTW Cond 3110",Temperature Total Dissolved Solids Salinity,Physical,S/m|mS/m|uS/cm|umho/cm
HWIN-VAR-006,Flow Rate,Volume of water passing a point per unit time,Measure of hydraulic discharge and water movement,"Flow, FlowRate, Discharge",m3/s," L/s,  cfs,  gallons/min, m3/s",Float,0 to 10000+ m3/s (depending on water body),Velocity-area method ultrasonic electromagnetic Doppler,"FlowTracker2, SonTek FlowTracker, ADCP",Stage Cross-sectional Area Velocity,Hydrological,L/s|cfs|gal/min|m3/s
HWIN-VAR-007,Water Depth,Vertical distance from water surface to bottom,Measure of water body volume and habitat availability,"Depth, WaterDepth",m," ft,  cm, m",Float,0 to 1000+ m (ocean to puddle),Pressure transducer sonar lead line,"PTX Pressure Transponder, SonTek CastAway, measuring tape",Stage Water Temperature,Hydrological,cm|ft|m
HWIN-VAR-008,Nitrate Nitrogen,Concentration of nitrate (NO3-) in water,Key nutrient for aquatic plant growth indicator of agricultural runoff,"NO3-N, Nitrate-N, NO3",mg/L as N," umol/L, mol/m3",Float,0 to 10+ mg/L as N (polluted to pristine),Ion-selective electrode spectrophotometry (cadmium reduction) ion chromatography,"YSI NO3 probe, Hach Nitrax sc, Dionex ICS",Total Nitrogen Ammonium Phosphate,Chemical,mg/L as N|mg/L asNO3|mg/l as N|mg/l asNO3|mol/m3
HWIN-VAR-009,Ammonium Nitrogen,Concentration of ammonium (NH4+) in water,Bioavailable nitrogen form product of organic matter decomposition,"NH4-N, Ammonia-N, Ammonia, NH3-N",mg/L as N," umol/L, mol/m3",Float,0 to 5+ mg/L as N (typically low in oxic waters),Ion-selective electrode spectrophotometry (phenate) ion chromatography,"YSI NH4 probe, Hach Amtax sc",Total Nitrogen Nitrate Urea,Chemical,mg/L as N|mg/l as N|mol/m3
HWIN-VAR-010,Phosphate Phosphorus,Concentration of phosphate (PO4 3-) in water,Limiting nutrient in freshwater systems indicator of wastewater agricultural input,"PO4-P, Phosphate-P, Orthophosphate",mg/L as P," umol/L, mol/m3",Float,0 to 1+ mg/L as P (highly variable),Spectrophotometry (ascorbic acid molybdate) ion chromatography,"Hach Phosphax sc, SEAL AQ2",Total Phosphorus Nitrate Silicate,Chemical,mg/L as P|mg/L asPO4|mg/l as P|mg/l asPO4|mol/m3
HWIN-VAR-011,Chlorophyll-a,Concentration of chlorophyll-a pigment in water,Indicator of phytoplankton biomass and primary production,"Chla, Chlorophyll a",ug/L," mg/m3, mg/m3",Float,0 to 100+ ug/L (oligotrophic to hypertrophic),Fluorometry spectrophotometry (acidification acetone extraction),"YSI EXO2, Turner Designs Cyclops-7F, bbe FluoroProbe",Phytoplankton Biomass Primary Production Turbidity,Biological,mg/m2|mg/m3|ug/L|ug/l
HWIN-VAR-012,Fecal Coliforms,Concentration of fecal coliform bacteria in water,Indicator of fecal contamination and potential pathogen presence,"FC, FecalColiform, ThermotolerantColiform",CFU/100mL, MPN/100mL,#/m3,Integer,0 to 100000+ CFU/100mL,"Membrane filtration multiple tube fermentation (MPN), IDEXX Colilert, Millipore MF-MEndo",E. coli Enterococci Total Coliforms,Biological,#/m3|CFU/100mL|MPN|MPN/100mL|cfu/100mL
HWIN-VAR-013,Water Temperature at Depth,Temperature measured at specific depths in water column,Vertical temperature profile indicating stratification and mixing,"Temp at depth, WaterTemp_[depth]",deg C,K,Float,-2 to 40 deg C,Thermistor chain CTD profiler,"YSI EXO2 with temp chain, SeaBird SBE 19plus",Water Temperature (surface) Density Dissolved Oxygen,Physical,K|deg C|deg c
HWIN-VAR-014,Dissolved Oxygen Percent Saturation,Ratio of measured DO to saturated DO at given temperature and pressure,Indicator of oxygen availability relative to equilibrium,"DO%, DO Sat",%,dimensionless (ratio),Float,0 to 300% (supersaturation possible),Calculated from DO concentration temperature salinity pressure,Derived variable,Dissolved Oxygen Concentration Water Temperature Salinity Atmospheric Pressure,Physical,dimensionless|percent
HWIN-VAR-015,Total Suspended Solids,Mass of filterable particles per volume of water,Measure of particulate matter excluding dissolved substances,"TSS, Suspended Solids",mg/L, g/m3,kg/m3,Float,0 to 1000+ mg/L,"Gravimetric filtration (GF/C filter 105 deg C), Whatman GF/C filter, analytical balance",Turbidity Transparency Particle Size Distribution,Physical,g/m3|kg/m3|mg/L|mg/l
HWIN-VAR-016,Air Temperature,Measure of heat in ambient air above water surface,Indicator of atmospheric conditions affecting water body,"AirTemp, Temperature_air",deg C," deg F,  K, K",Float,-40 to 50 deg C (typical environmental range),Thermistor thermocouple RTD,"Vaisala HMP155, Campbell Scientific CS215",Water Temperature Relative Humidity Wind Speed,Meteorological,K|deg C|deg c
HWIN-VAR-017,Chloride,Concentration of chloride ion in water,Major anion indicating salinity and anthropogenic inputs,"Cl, Chloride ion",mg/L," umol/L, mol/m3",Float,0 to 1000+ mg/L,Ion chromatography titration (Mohr method),"Dionex ICS, Metrohm IC",Specific Conductance Sulfate Total Dissolved Solids,Chemical,mg/L|mg/l|mol/m3
HWIN-VAR-018,Sulfate,Concentration of sulfate ion in water,Major anion indicator of mineral weathering and acid mine drainage,"SO4, Sulfate ion",mg/L," umol/L, mol/m3",Float,0 to 1000+ mg/L,Ion chromatography gravimetric (barium sulfate),Dionex ICS,Specific Conductance Chloride Alkalinity,Chemical,mg/L|mg/l|mol/m3
HWIN-VAR-019,Silica,Concentration of dissolved silica (SiO2) in water,Indicator of silicate weathering essential nutrient for diatoms,"SiO2, Silicate, Dissolved silica, Reactive silica",mg/L as SiO2," umol/L, mol/m3",Float,0 to 100+ mg/L as SiO2,Molybdate colorimetry ICP-MS,"Hach Silica reagent, SEAL AQ2",Phosphate Nitrate Chlorophyll-a,Chemical,mg/L|mg/L as SiO2|mg/l as SiO2|mol/m3
HWIN-VAR-020,Alkalinity,Acid-neutralizing capacity of water,Measure of carbonate bicarbonate buffering capacity,"Total alkalinity, Carbonate alkalinity, Acid neutralizing capacity",mg/L as CaCO3," meq/L, mol/m3",Float,0 to 500+ mg/L as CaCO3,Gran titration endpoint potentiometric titration,"Hach Digital Titrator, Metrohm Titrino",pH Dissolved Inorganic Carbon Specific Conductance,Chemical,meq/L|mg/L as CaCO3|mg/l as CaCO3|mol/m3
HWIN-VAR-021,Total Dissolved Solids,Concentration of all dissolved solids in water,Total concentration of dissolved substances indicator of salinity,"TDS, Dissolved solids, Filterable residue",mg/L, g/m3,kg/m3,Float,0 to 100000+ mg/L,"Gravimetric (evaporation at 180 deg C) calculated from specific conductance, Analytical balance conductivity meter",Specific Conductance Chloride Sulfate,Physical,g/m3|kg/m3|mg/L|mg/l
HWIN-VAR-022,Biochemical Oxygen Demand,Amount of dissolved oxygen consumed by microorganisms during decomposition of organic matter,Indicator of organic pollution and water quality,"BOD, BOD5, BOD7, Biochemical Oxygen Demand",mg/L,mol/m3,Float,0 to 50+ mg/L,Respirometric method (5-day incubation at 20 deg C),WTW OxiTop BOD incubator,Dissolved Oxygen COD TOC,Chemical,mg/L|mg/l|mol/m3
HWIN-VAR-023,Chemical Oxygen Demand,Amount of oxygen required to chemically oxidize organic and inorganic matter,Indicator of total oxidizable material in water,"COD, CODCr, CODMn, Chemical Oxygen Demand, Permanganate COD, Dichromate COD",mg/L,mol/m3,Float,0 to 500+ mg/L,Dichromate titration permanganate titration,KMnO4 COD analyzer BOD TOC,Chemical,,mg/L|mg/l|mol/m3
HWIN-VAR-024,Dissolved Inorganic Nitrogen,Sum of nitrate nitrite and ammonium nitrogen in filtered water,Key nutrient pool for primary production,"DIN, Dissolved Inorganic Nitrogen, NO3+NO2+NH4",mg/L as N,mol/m3,Float,0 to 20+ mg/L as N,Calculated from individual species Ion chromatography,Nitrate Nitrogen Ammonium Nitrogen Nitrite Nitrogen,Chemical,,mg/L as N|mg/l as N|mol/m3
HWIN-VAR-025,Total Dissolved Nitrogen,Sum of all dissolved nitrogen species in filtered water,Total dissolved nitrogen pool,"TDN, Total Dissolved Nitrogen, Filtered Total Nitrogen",mg/L as N,mol/m3,Float,0 to 20+ mg/L as N,Persulfate digestion chemiluminescence,Nitrate Nitrogen Ammonium Nitrogen Dissolved Organic Nitrogen,Chemical,,mg/L as N|mg/l as N|mol/m3
HWIN-VAR-026,Total Inorganic Nitrogen,Sum of nitrate nitrite and ammonium nitrogen,Inorganic nitrogen fraction,"TIN, Total Inorganic Nitrogen",mg/L as N,mol/m3,Float,0 to 20+ mg/L as N,Calculated from individual species,Nitrate Nitrogen Ammonium Nitrogen Nitrite Nitrogen,Chemical,,mg/L as N|mg/l as N|mol/m3
HWIN-VAR-027,Total Kjeldahl Nitrogen,Sum of organic nitrogen and ammonium nitrogen,Measure of organic plus ammonia nitrogen,"TKN, Total Kjeldahl Nitrogen, Kjeldahl Nitrogen",mg/L as N,mol/m3,Float,0 to 20+ mg/L as N,Kjeldahl digestion distillation titration,Total Nitrogen Ammonium Nitrogen Dissolved Organic Nitrogen,Chemical,,mg/L as N|mg/l as N|mol/m3
HWIN-VAR-028,Total Nitrogen,Sum of all nitrogen species in water,Total nitrogen pool,"TN, Total Nitrogen, Total N",mg/L as N,mol/m3,Float,0 to 20+ mg/L as N,Persulfate digestion chemiluminescence,Nitrate Nitrogen Ammonium Nitrogen Total Kjeldahl Nitrogen,Chemical,,mg/L as N|mg/l as N|mol/m3
HWIN-VAR-029,Dissolved Organic Nitrogen,Dissolved organic nitrogen fraction in filtered water,Organic nitrogen in dissolved phase,"DON, Dissolved Organic Nitrogen",mg/L as N,mol/m3,Float,0 to 10+ mg/L as N,Persulfate digestion chemiluminescence,Total Dissolved Nitrogen Ammonium Nitrogen,Chemical,,mg/L as N|mg/l as N|mol/m3
HWIN-VAR-030,Total Organic Nitrogen,Total organic nitrogen in water,Organic nitrogen fraction,"TON, Total Organic Nitrogen",mg/L as N,mol/m3,Float,0 to 10+ mg/L as N,Persulfate digestion chemiluminescence,Total Nitrogen Total Kjeldahl Nitrogen,Chemical,,mg/L as N|mg/l as N|mol/m3
HWIN-VAR-031,Total Ammonia Nitrogen,Sum of ammonia (NH3) and ammonium (NH4+) nitrogen,Total ammonia nitrogen species,"TAN, Total Ammonia Nitrogen, Ammonia Ammonium",mg/L as N,mol/m3,Float,0 to 10+ mg/L as N,Calculated from pH temperature ammonium,Ammonium Nitrogen pH,Chemical,,mg/L as N|mg/l as N|mol/m3
HWIN-VAR-032,Dissolved Kjeldahl Nitrogen,Dissolved organic nitrogen plus ammonium in filtered water,Dissolved Kjeldahl fraction,"DKN, Dissolved Kjeldahl Nitrogen",mg/L as N,mol/m3,Float,0 to 10+ mg/L as N,Kjeldahl digestion on filtered sample,Total Kjeldahl Nitrogen Dissolved Organic Nitrogen,Chemical,,mg/L as N|mg/l as N|mol/m3
HWIN-VAR-033,Nitrite Nitrogen,Concentration of nitrite (NO2-) in water,Intermediate nitrogen species indicator of nitrification,"NO2-N, Nitrite-N, NO2",mg/L as N, umol/L,mol/m3,Float,0 to 2+ mg/L as N,Ion chromatography spectrophotometry (Griess method),Nitrate Nitrogen Ammonium Nitrogen,Chemical,mg/L as N|mg/L asNO2|mg/l as N|mg/l asNO2|mol/m3
HWIN-VAR-034,Dissolved Inorganic Phosphorus,Concentration of dissolved inorganic phosphorus (orthophosphate) in filtered water,Key phosphorus nutrient pool in dissolved phase,"DIP, Dissolved Inorganic Phosphorus, Dissolved Orthophosphate",mg/L as P, umol/L,mol/m3,Float,0 to 1+ mg/L as P,Spectrophotometry (ascorbic acid molybdate) ion chromatography,Total Phosphorus Phosphate Phosphorus,Chemical,mg/L as P|mg/L asPO4|mg/l as P|mg/l asPO4|mol/m3
HWIN-VAR-035,Total Dissolved Phosphorus,Sum of all dissolved phosphorus species in filtered water,Total dissolved phosphorus pool,"TDP, Total Dissolved Phosphorus, Filtered Total Phosphorus",mg/L as P, umol/L,mol/m3,Float,0 to 2+ mg/L as P,Persulfate digestion spectrophotometry (ascorbic acid molybdate),Total Phosphorus Dissolved Inorganic Phosphorus Dissolved Organic Phosphorus,Chemical,mg/L as P|mg/l as P|mol/m3
HWIN-VAR-036,Total Inorganic Phosphorus,Sum of dissolved and particulate inorganic phosphorus,Inorganic phosphorus fraction,"TIP, Total Inorganic Phosphorus",mg/L as P, umol/L,mol/m3,Float,0 to 2+ mg/L as P,Persulfate digestion spectrophotometry,Total Phosphorus Dissolved Inorganic Phosphorus,Chemical,mg/L as P|mg/l as P|mol/m3
HWIN-VAR-037,Total Organic Phosphorus,Total organic phosphorus in water,Organic phosphorus fraction,"TOP, Total Organic Phosphorus",mg/L as P, umol/L,mol/m3,Float,0 to 1+ mg/L as P,Persulfate digestion spectrophotometry,Total Phosphorus Total Inorganic Phosphorus,Chemical,mg/L as P|mg/l as P|mol/m3
HWIN-VAR-038,Particulate Organic Phosphorus,Particulate organic phosphorus fraction,Organic phosphorus in particulate phase,"POP, Particulate Organic Phosphorus",mg/L as P, umol/L,mol/m3,Float,0 to 1+ mg/L as P,Combustion hydrolysis spectrophotometry,Total Phosphorus Total Particulate Phosphorus,Chemical,mg/L as P|mg/l as P|mol/m3
HWIN-VAR-039,Total Particulate Phosphorus,Particulate phosphorus fraction,Phosphorus in particulate phase,"TPP, Total Particulate Phosphorus",mg/L as P, umol/L,mol/m3,Float,0 to 1+ mg/L as P,Filtration digestion spectrophotometry,Total Phosphorus Particulate Organic Phosphorus,Chemical,mg/L as P|mg/l as P|mol/m3
HWIN-VAR-040,Total Carbon,Concentration of total carbon in water,Sum of organic and inorganic carbon,"TC, Total Carbon",mg/L,mol/m3,Float,0 to 200+ mg/L,Combustion oxidation NDIR,Total Organic Carbon Total Inorganic Carbon,Chemical,,mg/L|mg/l|mol/m3
HWIN-VAR-041,Dissolved Inorganic Carbon,Concentration of dissolved inorganic carbon in filtered water,Carbonate system component alkalinity contributor,"DIC, Dissolved Inorganic Carbon, DC",mg/L as C,mol/m3,Float,0 to 100+ mg/L as C,Acidification purging NDIR titration,Alkalinity pH Total Carbon,Chemical,,mg/L as C|mg/l as C|mol/m3
HWIN-VAR-042,Dissolved Organic Carbon,Concentration of dissolved organic carbon in filtered water,Organic carbon in dissolved phase,"DOC, Dissolved Organic Carbon",mg/L as C,mol/m3,Float,0 to 50+ mg/L as C,Combustion oxidation NDIR,Total Organic Carbon Particulate Organic Carbon,Chemical,,mg/L as C|mg/l as C|mol/m3
HWIN-VAR-043,Total Inorganic Carbon,Sum of dissolved and particulate inorganic carbon,Inorganic carbon fraction,"TIC, Total Inorganic Carbon",mg/L as C,mol/m3,Float,0 to 100+ mg/L as C,Acidification purging NDIR,Total Carbon Total Organic Carbon,Chemical,,mg/L as C|mg/l as C|mol/m3
HWIN-VAR-044,Total Organic Carbon,Concentration of total organic carbon in water,Sum of dissolved and particulate organic carbon,"TOC, Total Organic Carbon",mg/L as C,mol/m3,Float,0 to 100+ mg/L as C,Combustion oxidation NDIR,Total Carbon Dissolved Organic Carbon Particulate Organic Carbon,Chemical,,mg/L as C|mg/l as C|mol/m3
HWIN-VAR-045,Particulate Carbon,Concentration of particulate carbon in water,Carbon in particulate phase,"PC, Particulate Carbon, Particulate C",mg/L as C,mol/m3,Float,0 to 50+ mg/L as C,Filtration combustion oxidation,Total Carbon Total Organic Carbon,Chemical,,mg/L as C|mg/l as C|mol/m3
HWIN-VAR-046,Particulate Inorganic Carbon,Concentration of particulate inorganic carbon in water,Inorganic carbon in particulate phase,"PIC, Particulate Inorganic Carbon",mg/L as C,mol/m3,Float,0 to 50+ mg/L as C,Filtration acidification NDIR,Particulate Carbon Particulate Organic Carbon,Chemical,,mg/L as C|mg/l as C|mol/m3
HWIN-VAR-047,Particulate Organic Carbon,Concentration of particulate organic carbon in water,Organic carbon in particulate phase,"POC, Particulate Organic Carbon",mg/L as C,mol/m3,Float,0 to 50+ mg/L as C,Filtration combustion oxidation,Particulate Carbon Particulate Inorganic Carbon,Chemical,,mg/L as C|mg/l as C|mol/m3
HWIN-VAR-048,Particulate Nitrogen,Concentration of particulate nitrogen in water,Nitrogen in particulate phase,"PN, Particulate Nitrogen, Particulate N",mg/L as N,mol/m3,Float,0 to 10+ mg/L as N,Filtration combustion chemiluminescence,Particulate Organic Nitrogen Total Nitrogen,Chemical,,mg/L as N|mg/l as N|mol/m3
HWIN-VAR-049,Particulate Organic Nitrogen,Concentration of particulate organic nitrogen in water,Organic nitrogen in particulate phase,"PON, Particulate Organic Nitrogen",mg/L as N,mol/m3,Float,0 to 10+ mg/L as N,Filtration combustion chemiluminescence,Particulate Nitrogen Total Organic Nitrogen,Chemical,,mg/L as N|mg/l as N|mol/m3
