artifact_category,artifact_name,description,source_datasets,derivation_code_location,redistribution_permitted,license_basis,notes
RAW_SOURCE_DATA,GRQA_v1.4_raw_observations.csv,"Raw GRQA v1.4 observations downloaded from Zenodo",HWIN-GRQA-V1-4,scripts/archive/output_real_hwin_bench_rc1/canonical/HWIN-GRQA-V1-4/observations/observations.csv,YES,"CC-BY-4.0 (source license)","Direct download from official Zenodo release"
RAW_SOURCE_DATA,WQP_SFBAY_raw_observations.csv,"Raw WQP SF Bay observations from Water Quality Portal",HWIN-WQP-SFBAY,scripts/archive/output_real_hwin_bench_rc1/canonical/HWIN-WQP-SFBAY/observations/observations.csv,YES,"Public Domain (17 USC 105)","Direct API download from official WQP"
RAW_SOURCE_DATA,STORET_CA_raw_observations.csv,"Raw STORET California observations from EPA",HWIN-STORET-CA,scripts/archive/output_real_hwin_bench_rc1/STORET_CA/STORET_CA/observations/observations.csv,YES,"Public Domain (17 USC 105)","Direct API download from official WQP"
RAW_SOURCE_DATA,STORET_TX_raw_observations.csv,"Raw STORET Texas observations from EPA",HWIN-STORET-TX,scripts/archive/output_real_hwin_bench_rc1/STORET_TX/STORET_TX/observations/observations.csv,YES,"Public Domain (17 USC 105)","Direct API download from official WQP"
RAW_SOURCE_DATA,STORET_RI_raw_observations.csv,"Raw STORET Rhode Island observations from EPA",HWIN-STORET-RI,scripts/archive/output_real_hwin_bench_rc1/STORET_RI/STORET_RI/observations/observations.csv,YES,"Public Domain (17 USC 105)","Direct API download from official WQP"
HARMONIZED_DATA,HWIN-GRQA-V1-4_observations_cbs.csv,"GRQA observations mapped to Canonical Benchmark Schema (CBS) with CVO variable IDs",HWIN-GRQA-V1-4,src/hwin_bench/hwin_bench/canonicalization/mapper.py + engine.py,YES,"CC-BY-4.0 (inherited from source)","Harmonization adds canonical_variable_id, unit conversions, quality flags"
HARMONIZED_DATA,HWIN-WQP-SFBAY_observations_cbs.csv,"WQP SF Bay observations mapped to CBS with CVO variable IDs",HWIN-WQP-SFBAY,src/hwin_bench/hwin_bench/canonicalization/mapper.py + engine.py,YES,"Public Domain (inherited from source)","Harmonization adds canonical_variable_id, unit conversions, quality flags"
HARMONIZED_DATA,HWIN-STORET-CA_observations_cbs.csv,"STORET CA observations mapped to CBS with CVO variable IDs",HWIN-STORET-CA,src/hwin_bench/hwin_bench/canonicalization/mapper.py + engine.py,YES,"Public Domain (inherited from source)","Harmonization adds canonical_variable_id, unit conversions, quality flags"
HARMONIZED_DATA,HWIN-STORET-TX_observations_cbs.csv,"STORET TX observations mapped to CBS with CVO variable IDs",HWIN-STORET-TX,src/hwin_bench/hwin_bench/canonicalization/mapper.py + engine.py,YES,"Public Domain (inherited from source)","Harmonization adds canonical_variable_id, unit conversions, quality flags"
HARMONIZED_DATA,HWIN-STORET-RI_observations_cbs.csv,"STORET RI observations mapped to CBS with CVO variable IDs",HWIN-STORET-RI,src/hwin_bench/hwin_bench/canonicalization/mapper.py + engine.py,YES,"Public Domain (inherited from source)","Harmonization adds canonical_variable_id, unit conversions, quality flags"
DERIVED_FEATURES,benchmark_features.npy,"7 engineered features (lat, lon, year, month, day_of_year, sin_doy, cos_doy) per observation",All 5 datasets,benchmark/run_full_benchmark_fixed.py::feats(),YES,"Same as source dataset","Feature engineering per frozen protocol §5. No new licensing restrictions"
DERIVED_FEATURES,GroupKFold_splits.pkl,"5 seeds × 5 folds GroupKFold splits by station_id",All 5 datasets,benchmark/run_full_benchmark_fixed.py,YES,"Same as source dataset","Split indices only - no data values. Deterministic from seeds [42, 123, 256, 512, 1024]"
METADATA,canonical_variable_ontology.csv,"51 canonical variables with definitions, units, synonyms",All 5 datasets (expert-curated),/c/Users/lenovo/knowledge/canonical_variable_ontology.csv,YES,"CC0-1.0 (original expert curation)","Independent expert-curated ontology. Not derived from any single dataset."
METADATA,variable_synonym_dictionary.csv,"89 variable name mappings from source datasets to canonical IDs",All 5 datasets,/c/Users/lenovo/knowledge/variable_synonym_dictionary.csv,YES,"CC0-1.0 (original expert curation)","Mapping dictionary created by HWIN-Bench team"
METADATA,unit_harmonization_rules.csv,"92 unit conversion rules from source units to SI units",All 5 datasets,/c/Users/lenovo/knowledge/unit_harmonization_rules.csv,YES,"CC0-1.0 (original expert curation)","Conversion rules based on physical constants"
ONTOLOGY,cbs_schema.json,"Canonical Benchmark Schema definition (CBS)",HWIN-Bench design,src/hwin_bench/hwin_bench/canonicalization/engine.py,YES,"CC0-1.0 (HWIN-Bench original)","Schema definition for harmonized data format"
BENCHMARK_OUTPUT,GRQA_full_benchmark_complete.json,"Full benchmark results: 13 variables × 7 models × 25 folds = 2,275 model fits",HWIN-GRQA-V1-4,benchmark/run_full_benchmark_fixed.py,YES,"CC-BY-4.0 (derived from CC-BY-4.0 source)","Benchmark results are factual outputs of computation on licensed data"
BENCHMARK_OUTPUT,GRQA_variable_results_HWIN-VAR-XXX.json,"Per-variable benchmark results with metrics, CIs, statistics",HWIN-GRQA-V1-4,benchmark/run_full_benchmark_fixed.py,YES,"CC-BY-4.0 (derived from CC-BY-4.0 source)","Individual variable result files"
STATISTICAL_OUTPUT,statistical_test_results.json,"Kruskal-Wallis, Wilcoxon, Cliff's Delta, Holm-Bonferroni results",HWIN-GRQA-V1-4,src/hwin_bench/hwin_bench/evaluation/statistics.py,YES,"CC-BY-4.0 (derived from CC-BY-4.0 source)","Statistical test outputs on benchmark results"
STATISTICAL_OUTPUT,confidence_intervals.json,"95% t-distribution CIs for mean metrics across 25 folds",HWIN-GRQA-V1-4,src/hwin_bench/hwin_bench/evaluation/confidence_intervals.py,YES,"CC-BY-4.0 (derived from CC-BY-4.0 source)","CI computations on benchmark results"
DOCUMENTATION,01_HWIN_BENCH_PROTOCOL_v1.0.md,"Frozen benchmark protocol v1.0",HWIN-Bench design,HWIN_Bench_v1_RELEASE/01_HWIN_BENCH_PROTOCOL_v1.0.md,YES,"CC0-1.0 (HWIN-Bench original)","Protocol document - original work"
DOCUMENTATION,canonical_execution_certificate.md,"Certification of canonical benchmark execution",HWIN-Bench execution,HWIN_Bench_v1_RELEASE/CANONICAL_EXECUTION_CERTIFICATE.md,YES,"CC0-1.0 (HWIN-Bench original)","Execution certificate - original work"
DOCUMENTATION,benchmark_summary.md,"Aggregated benchmark summary for publication",HWIN-GRQA-V1-4,HWIN_Bench_v1_RELEASE/output/benchmark_summary.md,YES,"CC-BY-4.0 (derived from CC-BY-4.0 source)","Summary statistics from benchmark results"